2021-07-31 03:27:35 +0000, 220
2021-07-31 03:27:53 +0000, 2
2021-07-31 04:34:48 +0000, 4
2021-07-31 05:22:16 +0000, 8
2021-07-31 06:33:32 +0000, 3
2021-07-31 07:22:54 +0000, 4
2021-07-31 08:28:26 +0000, 5
2021-07-31 09:27:47 +0000, 9
2021-07-31 10:27:57 +0000, 11
2021-07-31 11:21:24 +0000, 15
2021-07-31 12:42:01 +0000, 14
2021-07-31 13:27:09 +0000, 13
2021-07-31 14:21:44 +0000, 15
2021-07-31 15:30:15 +0000, 20
2021-07-31 16:42:40 +0000, 21
2021-07-31 17:30:42 +0000, 20
2021-07-31 18:33:12 +0000, 18
2021-07-31 19:18:34 +0000, 18
2021-07-31 20:25:15 +0000, 25
2021-07-31 21:25:06 +0000, 26
2021-07-31 22:25:18 +0000, 16
2021-07-31 23:24:53 +0000, 12
2021-08-01 01:29:33 +0000, 15
2021-08-01 02:37:21 +0000, 3
2021-08-01 03:28:58 +0000, 6
2021-08-01 04:34:40 +0000, 3
2021-08-01 05:21:54 +0000, 3
2021-08-01 06:33:55 +0000, 7
2021-08-01 07:22:30 +0000, 7
2021-08-01 08:28:15 +0000, 9
2021-08-01 09:27:21 +0000, 14
2021-08-01 10:28:16 +0000, 10
2021-08-01 11:21:02 +0000, 7
2021-08-01 12:41:07 +0000, 14
2021-08-01 13:26:52 +0000, 18
2021-08-01 14:21:39 +0000, 19
2021-08-01 15:30:14 +0000, 25
2021-08-01 16:42:58 +0000, 21
2021-08-01 17:29:43 +0000, 16
2021-08-01 18:32:20 +0000, 29
2021-08-01 19:18:41 +0000, 20
2021-08-01 20:26:39 +0000, 27
2021-08-01 21:25:07 +0000, 22
2021-08-01 22:25:13 +0000, 18
2021-08-01 23:24:29 +0000, 11
2021-08-02 01:18:50 +0000, 8
2021-07-31 03:27:35 +0000, 220
2021-07-31 03:27:53 +0000, 2
2021-07-31 04:34:48 +0000, 4
2021-07-31 05:22:16 +0000, 8
2021-07-31 06:33:32 +0000, 3
2021-07-31 07:22:54 +0000, 4
2021-07-31 08:28:26 +0000, 5
2021-07-31 09:27:47 +0000, 9
2021-07-31 10:27:57 +0000, 11
2021-07-31 11:21:24 +0000, 15
2021-07-31 12:42:01 +0000, 14
2021-07-31 13:27:09 +0000, 13
2021-07-31 14:21:44 +0000, 15
2021-07-31 15:30:15 +0000, 20
2021-07-31 16:42:40 +0000, 21
2021-07-31 17:30:42 +0000, 20
2021-07-31 18:33:12 +0000, 18
2021-07-31 19:18:34 +0000, 18
2021-07-31 20:25:15 +0000, 25
2021-07-31 21:25:06 +0000, 26
2021-07-31 22:25:18 +0000, 16
2021-07-31 23:24:53 +0000, 12
2021-08-01 01:29:33 +0000, 15
2021-08-01 02:37:21 +0000, 3
2021-08-01 03:28:58 +0000, 6
2021-08-01 04:34:40 +0000, 3
2021-08-01 05:21:54 +0000, 3
2021-08-01 06:33:55 +0000, 7
2021-08-01 07:22:30 +0000, 7
2021-08-01 08:28:15 +0000, 9
2021-08-01 09:27:21 +0000, 14
2021-08-01 10:28:16 +0000, 10
2021-08-01 11:21:02 +0000, 7
2021-08-01 12:41:07 +0000, 14
2021-08-01 13:26:52 +0000, 18
2021-08-01 14:21:39 +0000, 19
2021-08-01 15:30:14 +0000, 25
2021-08-01 16:42:58 +0000, 21
2021-08-01 17:29:43 +0000, 16
2021-08-01 18:32:20 +0000, 29
2021-08-01 19:18:41 +0000, 20
2021-08-01 20:26:39 +0000, 27
2021-08-01 21:25:07 +0000, 22
2021-08-01 22:25:13 +0000, 18
2021-08-01 23:24:29 +0000, 11
2021-08-02 01:18:50 +0000, 8
2021-07-31 03:27:35 +0000, 220
2021-07-31 03:27:53 +0000, 2
2021-07-31 04:34:48 +0000, 4
2021-07-31 05:22:16 +0000, 8
2021-07-31 06:33:32 +0000, 3
2021-07-31 07:22:54 +0000, 4
2021-07-31 08:28:26 +0000, 5
2021-07-31 09:27:47 +0000, 9
2021-07-31 10:27:57 +0000, 11
2021-07-31 11:21:24 +0000, 15
2021-07-31 12:42:01 +0000, 14
2021-07-31 13:27:09 +0000, 13
2021-07-31 14:21:44 +0000, 15
2021-07-31 15:30:15 +0000, 20
2021-07-31 16:42:40 +0000, 21
2021-07-31 17:30:42 +0000, 20
2021-07-31 18:33:12 +0000, 18
2021-07-31 19:18:34 +0000, 18
2021-07-31 20:25:15 +0000, 25
2021-07-31 21:25:06 +0000, 26
2021-07-31 22:25:18 +0000, 16
2021-07-31 23:24:53 +0000, 12
2021-08-01 01:29:33 +0000, 15
2021-08-01 02:37:21 +0000, 3
2021-08-01 03:28:58 +0000, 6
2021-08-01 04:34:40 +0000, 3
2021-08-01 05:21:54 +0000, 3
2021-08-01 06:33:55 +0000, 7
2021-08-01 07:22:30 +0000, 7
2021-08-01 08:28:15 +0000, 9
2021-08-01 09:27:21 +0000, 14
2021-08-01 10:28:16 +0000, 10
2021-08-01 11:21:02 +0000, 7
2021-08-01 12:41:07 +0000, 14
2021-08-01 13:26:52 +0000, 18
2021-08-01 14:21:39 +0000, 19
2021-08-01 15:30:14 +0000, 25
2021-08-01 16:42:58 +0000, 21
2021-08-01 17:29:43 +0000, 16
2021-08-01 18:32:20 +0000, 29
2021-08-01 19:18:41 +0000, 20
2021-08-01 20:26:39 +0000, 27
2021-08-01 21:25:07 +0000, 22
2021-08-01 22:25:13 +0000, 18
2021-08-01 23:24:29 +0000, 11
2021-08-02 01:18:50 +0000, 8
2021-08-02 02:35:09 +0000, 3
2021-08-02 03:29:00 +0000, 0
2021-08-02 04:34:51 +0000, 1
2021-08-02 05:22:23 +0000, 0
2021-08-02 06:34:18 +0000, 2
2021-08-02 07:23:01 +0000, 3
2021-08-02 08:29:27 +0000, 5
2021-08-02 01:44:08 -0700, 0
2021-08-02 09:28:06 +0000, 9
2021-08-02 10:29:01 +0000, 8
2021-08-02 11:21:44 +0000, 12
2021-08-02 12:43:47 +0000, 13
2021-08-02 13:29:20 +0000, 13
2021-08-02 14:22:31 +0000, 16
2021-08-02 15:31:01 +0000, 16
2021-08-02 16:44:38 +0000, 15
2021-08-02 17:31:13 +0000, 15
2021-08-02 18:33:02 +0000, 25
2021-08-02 19:16:47 +0000, 25
2021-08-02 20:27:52 +0000, 25
2021-08-02 21:24:47 +0000, 23
2021-08-02 22:25:32 +0000, 13
2021-08-02 23:24:55 +0000, 13
2021-08-03 01:24:21 +0000, 11
2021-08-03 02:37:28 +0000, 4
2021-08-03 03:29:10 +0000, 3
2021-08-03 04:34:48 +0000, 1
2021-08-03 05:22:23 +0000, 0
2021-08-03 06:33:41 +0000, 2
2021-08-03 07:22:58 +0000, 0
2021-08-03 08:29:24 +0000, 7
2021-08-03 09:28:04 +0000, 5
2021-08-03 10:31:53 +0000, 8
2021-08-03 11:21:31 +0000, 6
2021-08-03 12:44:48 +0000, 5
2021-08-03 13:30:02 +0000, 10
2021-08-03 14:22:40 +0000, 12
2021-08-03 15:30:58 +0000, 18
2021-08-03 16:51:42 +0000, 16
2021-08-03 17:37:12 +0000, 23
2021-08-03 18:35:31 +0000, 21
2021-08-03 19:24:30 +0000, 23
2021-08-03 20:30:35 +0000, 24
2021-08-03 21:26:18 +0000, 22
2021-08-03 22:25:52 +0000, 13
2021-08-03 23:24:54 +0000, 6
2021-08-04 01:19:47 +0000, 7
2021-08-04 02:35:52 +0000, 0
2021-08-04 03:29:00 +0000, 0
2021-08-04 04:35:02 +0000, 0
2021-08-04 05:22:32 +0000, 1
2021-08-04 06:34:21 +0000, 0
2021-08-04 07:23:05 +0000, 0
2021-08-04 08:29:35 +0000, 2
2021-08-04 09:28:04 +0000, 3
2021-08-04 10:28:50 +0000, 6
2021-08-04 11:21:37 +0000, 10
2021-08-04 12:44:45 +0000, 12
2021-08-04 13:29:45 +0000, 10
2021-08-04 14:22:40 +0000, 14
2021-08-04 15:32:43 +0000, 15
2021-08-04 16:48:17 +0000, 17
2021-08-04 17:33:17 +0000, 17
2021-08-04 18:39:09 +0000, 12
2021-08-04 19:25:45 +0000, 28
2021-08-04 20:26:27 +0000, 27
2021-08-04 21:25:57 +0000, 22
2021-08-04 22:24:41 +0000, 12
2021-08-04 23:25:21 +0000, 10
2021-08-05 01:18:09 +0000, 10
2021-08-05 02:33:51 +0000, 0
2021-08-05 03:29:16 +0000, 0
2021-08-05 04:35:08 +0000, 2
2021-08-05 05:22:42 +0000, 0
2021-08-05 06:34:02 +0000, 0
2021-08-05 07:22:54 +0000, 0
2021-08-05 08:29:01 +0000, 3
2021-08-05 09:27:52 +0000, 3
2021-08-05 10:28:54 +0000, 7
2021-08-05 11:21:34 +0000, 5
2021-08-05 12:44:59 +0000, 2
2021-08-05 13:30:46 +0000, 11
2021-08-05 14:31:14 +0000, 13
2021-08-05 15:31:02 +0000, 15
2021-08-05 16:45:36 +0000, 20
2021-08-05 17:31:25 +0000, 24
2021-08-05 18:33:41 +0000, 17
2021-08-05 19:19:18 +0000, 23
2021-08-05 20:26:21 +0000, 22
2021-08-05 21:25:31 +0000, 16
2021-08-05 22:25:28 +0000, 13
2021-08-05 23:25:01 +0000, 13
2021-08-06 01:20:28 +0000, 8
2021-08-06 02:34:38 +0000, 6
2021-08-06 03:28:50 +0000, 0
2021-08-06 04:35:13 +0000, 1
2021-08-06 05:22:39 +0000, 0
2021-08-06 06:34:16 +0000, 3
2021-08-06 07:22:55 +0000, 4
2021-08-06 08:29:54 +0000, 5
2021-08-06 09:27:36 +0000, 5
2021-08-06 10:28:44 +0000, 6
2021-08-06 11:22:03 +0000, 7
2021-08-06 12:45:36 +0000, 9
2021-08-06 13:30:58 +0000, 13
2021-08-06 14:22:42 +0000, 11
2021-08-06 15:30:37 +0000, 12
2021-08-06 16:45:02 +0000, 19
2021-08-06 17:30:59 +0000, 13
2021-08-06 18:33:47 +0000, 15
2021-08-06 19:18:51 +0000, 16
2021-08-06 20:26:01 +0000, 20
2021-08-06 21:24:59 +0000, 21
2021-08-06 22:25:25 +0000, 10
2021-08-06 23:24:30 +0000, 10
2021-08-07 01:12:08 +0000, 4
2021-08-07 02:02:37 +0000, 3
2021-08-07 02:36:34 +0000, 4
2021-08-07 03:28:40 +0000, 2
2021-08-07 04:34:31 +0000, 1
2021-08-07 05:21:59 +0000, 3
2021-08-07 06:33:04 +0000, 5
2021-08-07 07:22:24 +0000, 2
2021-08-07 08:28:00 +0000, 6
2021-08-07 09:27:05 +0000, 11
2021-08-07 10:27:38 +0000, 10
2021-08-07 11:21:04 +0000, 10
2021-08-07 12:41:32 +0000, 12
2021-08-07 13:27:03 +0000, 12
2021-08-07 14:21:48 +0000, 11
2021-08-07 15:29:38 +0000, 16
2021-08-07 16:42:40 +0000, 19
2021-08-07 17:29:21 +0000, 16
2021-08-07 18:32:04 +0000, 15
2021-08-07 19:18:10 +0000, 14
2021-08-07 20:25:08 +0000, 16
2021-08-07 21:24:32 +0000, 18
2021-08-07 22:25:00 +0000, 20
2021-08-07 23:24:20 +0000, 14
2021-08-08 01:18:30 +0000, 9
2021-08-08 02:32:55 +0000, 5
2021-08-08 03:28:25 +0000, 3
2021-08-08 04:34:22 +0000, 3
2021-08-08 05:21:57 +0000, 0
2021-08-08 06:32:54 +0000, 3
2021-08-08 07:22:26 +0000, 6
2021-08-08 08:28:03 +0000, 7
2021-08-08 09:27:09 +0000, 6
2021-08-08 10:27:43 +0000, 12
2021-08-08 11:20:52 +0000, 14
2021-08-08 12:41:23 +0000, 14
2021-08-08 13:26:52 +0000, 18
2021-08-08 14:21:35 +0000, 14
2021-08-08 15:29:48 +0000, 23
2021-08-08 16:42:46 +0000, 29
2021-08-08 17:29:17 +0000, 20
2021-08-08 18:32:04 +0000, 18
2021-08-08 19:18:17 +0000, 29
2021-08-08 20:25:21 +0000, 27
2021-08-08 21:24:43 +0000, 22
2021-08-08 22:24:44 +0000, 15
2021-08-08 23:24:18 +0000, 15
2021-08-09 01:18:42 +0000, 11
2021-08-09 02:33:32 +0000, 4
2021-08-09 03:28:46 +0000, 5
2021-08-09 04:34:45 +0000, 4
2021-08-09 05:22:29 +0000, 3
2021-08-09 06:33:58 +0000, 8
2021-08-09 07:23:11 +0000, 3
2021-08-09 08:29:20 +0000, 5
2021-08-09 09:28:08 +0000, 6
2021-08-09 10:28:57 +0000, 8
2021-08-09 11:21:38 +0000, 7
2021-08-09 12:43:22 +0000, 10
2021-08-09 13:29:17 +0000, 20
2021-08-09 14:22:34 +0000, 17
2021-08-09 15:30:42 +0000, 14
2021-08-09 16:44:15 +0000, 15
2021-08-09 17:31:48 +0000, 17
2021-08-09 18:31:24 +0000, 21
2021-08-09 19:18:56 +0000, 22
2021-08-09 20:26:20 +0000, 22
2021-08-09 21:25:27 +0000, 26
2021-08-09 22:25:32 +0000, 25
2021-08-09 23:25:41 +0000, 18
2021-08-10 01:19:25 +0000, 10
2021-08-10 02:36:27 +0000, 10
2021-08-10 03:28:41 +0000, 4
2021-08-10 04:34:40 +0000, 4
2021-08-10 05:22:22 +0000, 4
2021-08-10 06:33:56 +0000, 5
2021-08-10 07:23:05 +0000, 7
2021-08-10 08:33:44 +0000, 8
2021-08-10 09:27:33 +0000, 10
2021-08-10 10:28:59 +0000, 11
2021-08-10 11:21:40 +0000, 7
2021-08-10 12:43:49 +0000, 14
2021-08-10 13:29:33 +0000, 14
2021-08-10 14:23:59 +0000, 20
2021-08-10 17:32:12 +0000, 38
2021-08-10 18:33:22 +0000, 18
2021-08-10 19:19:12 +0000, 31
2021-08-10 22:58:45 +0000, 55
2021-08-10 23:56:50 +0000, 20
2021-08-11 01:16:54 +0000, 14
2021-08-11 02:33:56 +0000, 7
2021-08-11 03:29:42 +0000, 4
2021-08-11 04:35:27 +0000, 7
2021-08-11 05:23:04 +0000, 4
2021-08-11 06:34:12 +0000, 4
2021-08-11 07:23:05 +0000, 7
2021-08-11 08:28:51 +0000, 5
2021-08-11 09:28:33 +0000, 5
2021-08-11 10:30:24 +0000, 7
2021-08-11 11:21:42 +0000, 7
2021-08-11 12:42:25 +0000, 10
2021-08-11 13:29:08 +0000, 15
2021-08-11 14:23:00 +0000, 13
2021-08-11 15:30:33 +0000, 17
2021-08-11 16:43:34 +0000, 20
2021-08-11 17:33:38 +0000, 20
2021-08-11 18:33:52 +0000, 20
2021-08-11 19:19:27 +0000, 30
2021-08-11 20:25:47 +0000, 31
2021-08-11 21:25:08 +0000, 23
2021-08-11 22:25:44 +0000, 20
2021-08-11 23:24:59 +0000, 12
2021-08-12 01:17:23 +0000, 16
2021-08-12 02:33:50 +0000, 6
2021-08-12 03:28:50 +0000, 5
2021-08-12 04:34:46 +0000, 3
2021-08-12 05:22:34 +0000, 3
2021-08-12 06:34:06 +0000, 4
2021-08-12 07:23:13 +0000, 5
2021-08-12 08:28:00 +0000, 7
2021-08-12 09:27:27 +0000, 9
2021-08-12 10:28:41 +0000, 9
2021-08-12 11:21:28 +0000, 9
2021-08-12 12:43:08 +0000, 8
2021-08-12 13:30:03 +0000, 13
2021-08-12 14:23:13 +0000, 14
2021-08-12 15:30:14 +0000, 17
2021-08-12 16:44:36 +0000, 15
2021-08-12 17:28:58 +0000, 20
2021-08-12 18:37:16 +0000, 19
2021-08-12 19:19:02 +0000, 20
2021-08-12 20:26:10 +0000, 0
2021-08-12 23:24:56 +0000, 26
2021-08-13 01:17:23 +0000, 9
2021-08-13 02:33:56 +0000, 2
2021-08-13 03:28:10 +0000, 2
2021-08-13 04:35:33 +0000, 4
2021-08-13 05:22:40 +0000, 5
2021-08-13 06:33:46 +0000, 3
2021-08-13 07:23:08 +0000, 4
2021-08-13 08:29:07 +0000, 2
2021-08-13 09:27:09 +0000, 5
2021-08-13 10:28:27 +0000, 5
2021-08-13 11:21:54 +0000, 2
2021-08-13 12:42:21 +0000, 0
2021-08-13 13:28:23 +0000, 6
2021-08-13 14:22:58 +0000, 10
2021-08-13 15:30:09 +0000, 9
2021-08-13 16:43:40 +0000, 14
2021-08-13 17:30:22 +0000, 11
2021-08-13 18:32:33 +0000, 17
2021-08-13 19:18:48 +0000, 21
2021-08-13 20:26:13 +0000, 17
2021-08-13 21:24:22 +0000, 16
2021-08-13 22:25:43 +0000, 19
2021-08-13 23:24:50 +0000, 14
2021-08-14 01:13:28 +0000, 9
2021-08-14 02:02:00 +0000, 7
2021-08-14 02:34:54 +0000, 6
2021-08-14 03:28:01 +0000, 5
2021-08-14 04:34:38 +0000, 6
2021-08-14 05:22:11 +0000, 4
2021-08-14 06:32:31 +0000, 4
2021-08-14 07:22:30 +0000, 4
2021-08-14 08:27:56 +0000, 5
2021-08-14 09:26:19 +0000, 10
2021-08-14 10:27:52 +0000, 16
2021-08-14 11:21:04 +0000, 12
2021-08-14 12:41:01 +0000, 13
2021-08-14 13:26:50 +0000, 15
2021-08-14 14:22:02 +0000, 16
2021-08-14 15:29:11 +0000, 15
2021-08-14 16:42:17 +0000, 20
2021-08-14 17:29:16 +0000, 12
2021-08-14 18:31:16 +0000, 14
2021-08-14 19:18:16 +0000, 13
2021-08-14 20:25:17 +0000, 15
2021-08-14 21:24:02 +0000, 13
2021-08-14 22:25:13 +0000, 14
2021-08-14 23:24:48 +0000, 9
2021-08-15 01:17:06 +0000, 14
2021-08-15 02:33:08 +0000, 0
2021-08-15 03:28:12 +0000, 0
2021-08-15 04:34:48 +0000, 3
2021-08-15 05:22:09 +0000, 7
2021-08-15 06:32:19 +0000, 5
2021-08-15 07:22:52 +0000, 7
2021-08-15 08:28:11 +0000, 14
2021-08-15 09:26:29 +0000, 16
2021-08-15 10:27:54 +0000, 15
2021-08-15 11:21:06 +0000, 18
2021-08-15 12:41:03 +0000, 9
2021-08-15 13:26:56 +0000, 18
2021-08-15 14:22:02 +0000, 19
2021-08-15 15:29:07 +0000, 18
2021-08-15 16:42:10 +0000, 24
2021-08-15 17:29:07 +0000, 17
2021-08-15 18:31:25 +0000, 19
2021-08-15 19:18:34 +0000, 22
2021-08-15 20:25:34 +0000, 26
2021-08-15 21:24:09 +0000, 25
2021-08-15 22:25:27 +0000, 20
2021-08-15 23:25:11 +0000, 13
2021-08-16 01:15:37 +0000, 11
2021-08-16 02:33:51 +0000, 2
2021-08-16 03:28:04 +0000, 2
2021-08-16 04:34:44 +0000, 2
2021-08-16 05:22:41 +0000, 2
2021-08-16 06:33:24 +0000, 2
2021-08-16 07:23:27 +0000, 2
2021-08-16 08:29:04 +0000, 2
2021-08-16 09:27:06 +0000, 2
2021-08-16 10:29:13 +0000, 11
2021-08-16 11:30:10 +0000, 12
2021-08-16 12:56:30 +0000, 7
2021-08-16 13:56:16 +0000, 9
2021-08-16 14:37:35 +0000, 14
2021-08-16 15:31:33 +0000, 19
2021-08-16 16:45:19 +0000, 17
2021-08-16 17:31:15 +0000, 18
2021-08-16 18:32:31 +0000, 18
2021-08-16 19:19:31 +0000, 26
2021-08-16 20:26:12 +0000, 22
2021-08-16 21:24:54 +0000, 21
2021-08-16 22:25:56 +0000, 20
2021-08-16 23:23:48 +0000, 17
2021-08-17 01:14:57 +0000, 17
2021-08-17 02:33:43 +0000, 3
2021-08-17 03:27:55 +0000, 2
2021-08-17 04:35:08 +0000, 2
2021-08-17 05:22:38 +0000, 2
2021-08-17 06:32:56 +0000, 7
2021-08-17 07:23:20 +0000, 6
2021-08-17 08:29:16 +0000, 7
2021-08-17 09:27:26 +0000, 6
2021-08-17 10:28:39 +0000, 5
2021-08-17 11:21:46 +0000, 12
2021-08-17 12:42:33 +0000, 9
2021-08-17 13:28:37 +0000, 16
2021-08-17 14:23:05 +0000, 16
2021-08-17 15:30:07 +0000, 20
2021-08-17 16:44:11 +0000, 17
2021-08-17 17:29:56 +0000, 14
2021-08-17 18:34:26 +0000, 19
2021-08-17 19:18:44 +0000, 20
2021-08-17 20:26:46 +0000, 17
2021-08-17 21:24:12 +0000, 20
2021-08-17 22:25:55 +0000, 21
2021-08-17 23:25:11 +0000, 9
2021-08-18 01:16:24 +0000, 12
2021-08-18 02:33:14 +0000, 0
2021-08-18 03:28:09 +0000, 0
2021-08-18 04:35:22 +0000, 0
2021-08-18 05:22:31 +0000, 0
2021-08-18 06:32:59 +0000, 0
2021-08-18 07:23:28 +0000, 0
2021-08-18 08:29:06 +0000, 1
2021-08-18 09:27:03 +0000, 3
2021-08-18 10:28:42 +0000, 4
2021-08-18 11:22:54 +0000, 3
2021-08-18 12:43:00 +0000, 8
2021-08-18 13:28:53 +0000, 10
2021-08-18 14:23:08 +0000, 9
2021-08-18 15:30:11 +0000, 18
2021-08-18 16:42:24 +0000, 17
2021-08-18 17:30:57 +0000, 12
2021-08-18 18:32:14 +0000, 13
2021-08-18 19:19:05 +0000, 20
2021-08-18 20:25:38 +0000, 24
2021-08-18 21:24:36 +0000, 22
2021-08-18 22:26:01 +0000, 16
2021-08-18 23:23:40 +0000, 21
2021-08-19 01:09:05 +0000, 2
2021-08-19 01:58:14 +0000, 0
2021-08-19 02:33:33 +0000, 0
2021-08-19 03:28:18 +0000, 0
2021-08-19 04:35:17 +0000, 0
2021-08-19 05:22:38 +0000, 0
2021-08-19 06:32:56 +0000, 0
2021-08-19 07:23:31 +0000, 0
2021-08-19 08:29:01 +0000, 2
2021-08-19 09:26:58 +0000, 6
2021-08-19 10:28:59 +0000, 8
2021-08-19 11:21:55 +0000, 5
2021-08-19 12:43:01 +0000, 11
2021-08-19 13:29:08 +0000, 14
2021-08-19 14:23:07 +0000, 18
2021-08-19 15:30:17 +0000, 21
2021-08-19 16:44:00 +0000, 16
2021-08-19 17:30:46 +0000, 16
2021-08-19 18:30:59 +0000, 13
2021-08-19 19:18:57 +0000, 11
2021-08-19 20:26:50 +0000, 20
2021-08-19 21:21:33 +0000, 29
2021-08-19 22:21:41 +0000, 23
2021-08-19 23:24:19 +0000, 18
2021-08-20 01:13:53 +0000, 10
2021-08-20 02:33:55 +0000, 6
2021-08-20 03:28:00 +0000, 2
2021-08-20 04:36:43 +0000, 2
2021-08-20 05:23:27 +0000, 5
2021-08-20 06:32:57 +0000, 6
2021-08-20 07:23:30 +0000, 8
2021-08-20 08:29:03 +0000, 8
2021-08-20 09:26:49 +0000, 10
2021-08-20 10:28:36 +0000, 9
2021-08-20 11:21:59 +0000, 12
2021-08-20 12:43:28 +0000, 13
2021-08-20 13:29:04 +0000, 15
2021-08-20 14:23:29 +0000, 20
2021-08-20 15:30:08 +0000, 19
2021-08-20 16:43:32 +0000, 21
2021-08-20 17:30:16 +0000, 14
2021-08-20 18:32:17 +0000, 16
2021-08-20 19:18:59 +0000, 16
2021-08-20 20:26:34 +0000, 12
2021-08-20 21:24:26 +0000, 14
2021-08-20 22:25:57 +0000, 19
2021-08-20 23:24:52 +0000, 15
2021-08-21 01:14:24 +0000, 11
2021-08-21 02:36:10 +0000, 2
2021-08-21 03:28:02 +0000, 2
2021-08-21 04:34:54 +0000, 5
2021-08-21 05:22:10 +0000, 6
2021-08-21 06:32:11 +0000, 5
2021-08-21 07:22:58 +0000, 9
2021-08-21 08:28:21 +0000, 13
2021-08-21 09:26:10 +0000, 14
2021-08-21 10:28:06 +0000, 8
2021-08-21 11:21:16 +0000, 9
2021-08-21 12:41:02 +0000, 14
2021-08-21 13:27:12 +0000, 11
2021-08-21 14:22:18 +0000, 15
2021-08-21 15:28:57 +0000, 25
2021-08-21 16:42:17 +0000, 19
2021-08-21 17:29:14 +0000, 20
2021-08-21 18:31:24 +0000, 11
2021-08-21 19:18:22 +0000, 11
2021-08-21 20:25:48 +0000, 27
2021-08-21 21:23:57 +0000, 20
2021-08-21 22:25:19 +0000, 15
2021-08-21 23:24:43 +0000, 12
2021-08-22 01:14:57 +0000, 5
2021-08-22 02:33:33 +0000, 5
2021-08-22 03:27:46 +0000, 3
2021-08-22 04:34:56 +0000, 7
2021-08-22 05:22:07 +0000, 5
2021-08-22 06:32:10 +0000, 3
2021-08-22 07:23:03 +0000, 0
2021-08-22 08:27:53 +0000, 8
2021-08-22 09:26:26 +0000, 17
2021-08-22 10:27:57 +0000, 15
2021-08-22 11:21:32 +0000, 11
2021-08-22 12:42:04 +0000, 17
2021-08-22 13:27:31 +0000, 13
2021-08-22 14:22:01 +0000, 13
2021-08-22 15:28:53 +0000, 21
2021-08-22 16:42:18 +0000, 25
2021-08-22 17:29:10 +0000, 22
2021-08-22 18:30:06 +0000, 21
2021-08-22 19:18:43 +0000, 15
2021-08-22 20:26:07 +0000, 26
2021-08-22 21:22:34 +0000, 25
2021-08-22 22:25:31 +0000, 20
2021-08-22 23:25:05 +0000, 15
2021-08-23 01:10:16 +0000, 3
2021-08-23 01:58:27 +0000, 0
2021-08-23 02:33:43 +0000, 0
2021-08-23 03:26:43 +0000, 0
2021-08-23 04:35:23 +0000, 0
2021-08-23 05:22:41 +0000, 0
2021-08-23 06:32:08 +0000, 5
2021-08-23 07:23:56 +0000, 4
2021-08-23 08:29:38 +0000, 4
2021-08-23 09:25:52 +0000, 5
2021-08-23 10:28:52 +0000, 4
2021-08-23 11:21:44 +0000, 12
2021-08-23 12:41:53 +0000, 12
2021-08-23 13:28:55 +0000, 8
2021-08-23 14:23:14 +0000, 18
2021-08-23 15:26:22 +0000, 16
2021-08-23 16:45:20 +0000, 23
2021-08-23 17:28:06 +0000, 14
2021-08-23 18:32:31 +0000, 21
2021-08-23 19:17:11 +0000, 27
2021-08-23 20:26:38 +0000, 32
2021-08-23 21:23:03 +0000, 28
2021-08-23 22:26:11 +0000, 19
2021-08-23 23:26:09 +0000, 9
2021-08-24 01:13:34 +0000, 9
2021-08-24 02:33:00 +0000, 1
2021-08-24 03:26:52 +0000, 0
2021-08-24 04:35:14 +0000, 0
2021-08-24 05:22:31 +0000, 0
2021-08-24 06:31:35 +0000, 2
2021-08-24 07:23:33 +0000, 3
2021-08-24 08:29:24 +0000, 5
2021-08-24 09:25:52 +0000, 5
2021-08-24 10:28:45 +0000, 6
2021-08-24 11:21:48 +0000, 10
2021-08-24 12:41:10 +0000, 3
2021-08-24 13:28:46 +0000, 6
2021-08-24 14:23:46 +0000, 13
2021-08-24 15:29:33 +0000, 14
2021-08-24 16:43:59 +0000, 23
2021-08-24 17:30:30 +0000, 21
2021-08-24 18:29:51 +0000, 19
2021-08-24 19:19:16 +0000, 20
2021-08-24 20:26:35 +0000, 27
2021-08-24 21:23:06 +0000, 28
2021-08-24 22:24:44 +0000, 25
2021-08-24 23:25:09 +0000, 8
2021-08-25 01:15:31 +0000, 7
2021-08-25 02:33:48 +0000, 0
2021-08-25 03:26:45 +0000, 0
2021-08-25 04:35:16 +0000, 0
2021-08-25 05:22:42 +0000, 5
2021-08-25 06:31:37 +0000, 0
2021-08-25 07:23:35 +0000, 9
2021-08-25 08:29:11 +0000, 6
2021-08-25 09:25:39 +0000, 5
2021-08-25 10:30:06 +0000, 8
2021-08-25 11:21:51 +0000, 7
2021-08-25 12:41:57 +0000, 12
2021-08-25 13:28:47 +0000, 10
2021-08-25 14:23:13 +0000, 14
2021-08-25 15:26:25 +0000, 12
2021-08-25 16:43:57 +0000, 15
2021-08-25 17:30:50 +0000, 18
2021-08-25 18:30:50 +0000, 24
2021-08-25 19:18:58 +0000, 16
2021-08-25 20:26:48 +0000, 21
2021-08-25 21:23:06 +0000, 24
2021-08-25 22:25:52 +0000, 18
2021-08-25 23:25:03 +0000, 11
2021-08-26 01:13:19 +0000, 7
2021-08-26 02:33:15 +0000, 2
2021-08-26 03:26:29 +0000, 0
2021-08-26 04:35:02 +0000, 0
2021-08-26 05:22:45 +0000, 0
2021-08-26 06:31:24 +0000, 4
2021-08-26 07:23:23 +0000, 0
2021-08-26 08:28:58 +0000, 2
2021-08-26 09:25:41 +0000, 6
2021-08-26 10:28:45 +0000, 3
2021-08-26 11:21:57 +0000, 6
2021-08-26 12:42:16 +0000, 5
2021-08-26 13:28:44 +0000, 11
2021-08-26 14:23:10 +0000, 15
2021-08-26 15:28:36 +0000, 19
2021-08-26 16:44:51 +0000, 19
2021-08-26 17:30:45 +0000, 17
2021-08-26 18:30:42 +0000, 22
2021-08-26 19:19:07 +0000, 24
2021-08-26 20:26:44 +0000, 20
2021-08-26 21:23:01 +0000, 24
2021-08-26 22:25:49 +0000, 21
2021-08-26 23:25:19 +0000, 10
2021-08-27 01:20:15 +0000, 8
2021-08-27 02:35:11 +0000, 0
2021-08-27 03:26:26 +0000, 3
2021-08-27 04:35:01 +0000, 1
2021-08-27 05:22:36 +0000, 0
2021-08-27 06:31:35 +0000, 0
2021-08-27 07:23:26 +0000, 3
2021-08-27 08:28:55 +0000, 2
2021-08-27 09:25:34 +0000, 6
2021-08-27 10:28:28 +0000, 5
2021-08-27 11:21:41 +0000, 7
2021-08-27 12:41:59 +0000, 18
2021-08-27 13:28:21 +0000, 10
2021-08-27 14:23:05 +0000, 10
2021-08-27 15:28:29 +0000, 14
2021-08-27 16:43:18 +0000, 14
2021-08-27 17:30:02 +0000, 21
2021-08-27 18:30:39 +0000, 24
2021-08-27 19:18:53 +0000, 14
2021-08-27 20:26:42 +0000, 22
2021-08-27 21:22:38 +0000, 23
2021-08-27 22:25:39 +0000, 18
2021-08-27 23:24:40 +0000, 20
2021-08-28 01:11:50 +0000, 12
2021-08-28 01:59:45 +0000, 3
2021-08-28 02:34:53 +0000, 2
2021-08-28 03:26:26 +0000, 0
2021-08-28 04:34:42 +0000, 0
2021-08-28 05:22:05 +0000, 0
2021-08-28 06:30:35 +0000, 3
2021-08-28 07:22:56 +0000, 10
2021-08-28 08:28:14 +0000, 9
2021-08-28 09:24:40 +0000, 10
2021-08-28 10:27:53 +0000, 15
2021-08-28 11:21:15 +0000, 12
2021-08-28 12:39:38 +0000, 13
2021-08-28 13:26:40 +0000, 17
2021-08-28 14:22:05 +0000, 14
2021-08-28 15:27:24 +0000, 26
2021-08-28 16:42:29 +0000, 18
2021-08-28 17:28:55 +0000, 21
2021-08-28 18:29:56 +0000, 16
2021-08-28 19:18:18 +0000, 17
2021-08-28 20:25:57 +0000, 18
2021-08-28 21:22:25 +0000, 11
2021-08-28 22:24:47 +0000, 20
2021-08-28 23:24:53 +0000, 14
2021-08-29 01:19:17 +0000, 14
2021-08-29 03:26:17 +0000, 4
2021-08-29 04:34:48 +0000, 5
2021-08-29 05:22:04 +0000, 2
2021-08-29 06:30:31 +0000, 4
2021-08-29 07:22:55 +0000, 0
2021-08-29 08:27:51 +0000, 11
2021-08-29 09:24:41 +0000, 13
2021-08-29 10:27:56 +0000, 18
2021-08-29 11:21:07 +0000, 21
2021-08-29 12:39:37 +0000, 24
2021-08-29 13:26:53 +0000, 20
2021-08-29 14:22:16 +0000, 17
2021-08-29 15:27:40 +0000, 25
2021-08-29 16:42:22 +0000, 30
2021-08-29 17:29:07 +0000, 18
2021-08-29 18:29:45 +0000, 17
2021-08-29 19:18:30 +0000, 26
2021-08-29 20:26:06 +0000, 22
2021-08-29 22:24:57 +0000, 31
2021-08-29 23:24:35 +0000, 19
2021-08-30 01:16:07 +0000, 16
2021-08-30 02:33:42 +0000, 0
2021-08-30 03:26:30 +0000, 0
2021-08-30 04:35:14 +0000, 0
2021-08-30 05:22:45 +0000, 0
2021-08-30 06:31:40 +0000, 0
2021-08-30 07:23:51 +0000, 2
2021-08-30 08:29:19 +0000, 1
2021-08-30 09:25:40 +0000, 6
2021-08-30 10:28:47 +0000, 4
2021-08-30 11:21:50 +0000, 14
2021-08-30 12:41:53 +0000, 17
2021-08-30 13:28:49 +0000, 11
2021-08-30 14:21:41 +0000, 12
2021-08-30 15:28:24 +0000, 11
2021-08-30 16:44:18 +0000, 26
2021-08-30 17:29:43 +0000, 26
2021-08-30 18:30:49 +0000, 19
2021-08-30 19:19:06 +0000, 20
2021-08-30 22:25:38 +0000, 54
2021-08-30 23:24:56 +0000, 7
2021-08-31 01:16:37 +0000, 5
2021-08-31 02:33:31 +0000, 0
2021-08-31 03:26:35 +0000, 0
2021-08-31 04:34:55 +0000, 0
2021-08-31 05:22:41 +0000, 1
2021-08-31 06:31:27 +0000, 0
2021-08-31 07:23:31 +0000, 0
2021-08-31 08:29:13 +0000, 0
2021-08-31 09:25:39 +0000, 2
2021-08-31 10:28:40 +0000, 4
2021-08-31 11:21:52 +0000, 10
2021-08-31 12:43:11 +0000, 12
2021-08-31 13:29:38 +0000, 10
2021-08-31 14:23:03 +0000, 13
2021-08-31 15:28:36 +0000, 22
2021-08-31 16:43:39 +0000, 21
2021-08-31 17:30:29 +0000, 21
2021-08-31 18:30:43 +0000, 25
2021-08-31 19:18:51 +0000, 25
2021-08-31 20:26:47 +0000, 31
2021-08-31 21:22:54 +0000, 36
2021-08-31 22:24:32 +0000, 17
2021-08-31 23:25:00 +0000, 14
2021-09-01 01:22:33 +0000, 14
2021-09-01 02:36:04 +0000, 0
2021-09-01 03:26:42 +0000, 0
2021-09-01 04:35:44 +0000, 0
2021-09-01 05:23:15 +0000, 0
2021-09-01 06:31:50 +0000, 0
2021-09-01 07:23:44 +0000, 5
2021-09-01 08:29:22 +0000, 4
2021-09-01 09:25:39 +0000, 5
2021-09-01 10:28:49 +0000, 4
2021-09-01 11:22:00 +0000, 9
2021-09-01 12:41:48 +0000, 8
2021-09-01 13:29:00 +0000, 15
2021-09-01 14:23:22 +0000, 7
2021-09-01 15:28:39 +0000, 11
2021-09-01 16:44:30 +0000, 15
2021-09-01 17:30:55 +0000, 19
2021-09-01 18:31:01 +0000, 14
2021-09-01 19:17:43 +0000, 19
2021-09-01 20:27:32 +0000, 26
2021-09-01 21:23:22 +0000, 113
2021-09-01 22:25:58 +0000, 120
2021-09-01 23:25:22 +0000, 7
2021-09-02 01:16:42 +0000, 8
2021-09-02 02:33:48 +0000, 0
2021-09-02 03:26:04 +0000, 1
2021-09-02 04:33:52 +0000, 0
2021-09-02 05:23:06 +0000, 0
2021-09-02 06:31:36 +0000, 4
2021-09-02 07:24:15 +0000, 4
2021-09-02 08:29:01 +0000, 6
2021-09-02 09:25:53 +0000, 9
2021-09-02 10:29:06 +0000, 4
2021-09-02 11:21:55 +0000, 10
2021-09-02 12:41:59 +0000, 13
2021-09-02 13:29:13 +0000, 8
2021-09-02 14:23:16 +0000, 16
2021-09-02 15:28:46 +0000, 11
2021-09-02 16:45:37 +0000, 18
2021-09-02 17:31:25 +0000, 19
2021-09-02 18:30:56 +0000, 27
2021-09-02 19:18:56 +0000, 23
2021-09-02 20:27:06 +0000, 22
2021-09-02 21:22:43 +0000, 28
2021-09-02 22:26:27 +0000, 17
2021-09-02 23:25:26 +0000, 13
2021-09-03 01:17:28 +0000, 13
2021-09-03 02:34:11 +0000, 2
2021-09-03 03:26:51 +0000, 0
2021-09-03 04:35:31 +0000, 1
2021-09-03 05:23:12 +0000, 0
2021-09-03 06:31:35 +0000, 0
2021-09-03 07:23:52 +0000, 0
2021-09-03 08:29:12 +0000, 0
2021-09-03 09:25:44 +0000, 0
2021-09-03 10:29:04 +0000, 4
2021-09-03 11:21:57 +0000, 8
2021-09-03 12:41:49 +0000, 15
2021-09-03 13:28:59 +0000, 16
2021-09-03 14:23:15 +0000, 23
2021-09-03 15:28:30 +0000, 20
2021-09-03 16:43:39 +0000, 20
2021-09-03 17:30:30 +0000, 18
2021-09-03 18:31:34 +0000, 26
2021-09-03 19:19:05 +0000, 26
2021-09-03 20:27:11 +0000, 24
2021-09-03 21:22:55 +0000, 23
2021-09-03 22:26:01 +0000, 18
2021-09-03 23:25:12 +0000, 12
2021-09-04 01:17:58 +0000, 9
2021-09-04 02:36:36 +0000, 0
2021-09-04 03:26:40 +0000, 0
2021-09-04 04:35:30 +0000, 0
2021-09-04 05:22:25 +0000, 0
2021-09-04 06:30:49 +0000, 0
2021-09-04 07:23:24 +0000, 3
2021-09-04 08:28:27 +0000, 6
2021-09-04 09:24:51 +0000, 8
2021-09-04 10:28:02 +0000, 4
2021-09-04 11:21:34 +0000, 10
2021-09-04 12:40:06 +0000, 16
2021-09-04 13:27:26 +0000, 13
2021-09-04 14:22:18 +0000, 17
2021-09-04 15:27:27 +0000, 22
2021-09-04 16:42:40 +0000, 19
2021-09-04 17:29:24 +0000, 24
2021-09-04 18:29:48 +0000, 18
2021-09-04 19:19:59 +0000, 16
2021-09-04 20:26:35 +0000, 15
2021-09-04 21:22:19 +0000, 21
2021-09-04 22:25:20 +0000, 14
2021-09-04 23:24:42 +0000, 7
2021-09-05 01:20:20 +0000, 12
2021-09-05 02:34:41 +0000, 4
2021-09-05 03:26:57 +0000, 3
2021-09-05 04:35:20 +0000, 4
2021-09-05 05:22:29 +0000, 6
2021-09-05 06:30:50 +0000, 12
2021-09-05 07:23:20 +0000, 6
2021-09-05 08:28:33 +0000, 7
2021-09-05 09:25:01 +0000, 7
2021-09-05 10:28:05 +0000, 12
2021-09-05 11:21:25 +0000, 15
2021-09-05 12:41:10 +0000, 14
2021-09-05 13:27:45 +0000, 18
2021-09-05 14:22:31 +0000, 20
2021-09-05 15:27:28 +0000, 33
2021-09-05 16:42:28 +0000, 31
2021-09-05 17:29:25 +0000, 20
2021-09-05 18:29:42 +0000, 27
2021-09-05 19:18:46 +0000, 20
2021-09-05 20:26:32 +0000, 25
2021-09-05 21:22:33 +0000, 28
2021-09-05 22:25:15 +0000, 13
2021-09-05 23:25:06 +0000, 14
2021-09-06 01:23:05 +0000, 9
2021-09-06 02:35:58 +0000, 0
2021-09-06 03:26:45 +0000, 0
2021-09-06 04:35:28 +0000, 0
2021-09-06 05:23:11 +0000, 0
2021-09-06 06:31:40 +0000, 0
2021-09-06 07:24:06 +0000, 0
2021-09-06 08:29:32 +0000, 4
2021-09-06 09:25:37 +0000, 3
2021-09-06 10:29:37 +0000, 2
2021-09-06 11:22:00 +0000, 6
2021-09-06 12:42:19 +0000, 6
2021-09-06 13:29:40 +0000, 8
2021-09-06 14:23:13 +0000, 20
2021-09-06 15:28:09 +0000, 21
2021-09-06 16:44:50 +0000, 23
2021-09-06 17:30:26 +0000, 17
2021-09-06 18:30:15 +0000, 18
2021-09-06 19:18:58 +0000, 20
2021-09-06 20:26:58 +0000, 16
2021-09-06 21:22:47 +0000, 22
2021-09-06 22:25:33 +0000, 19
2021-09-06 23:24:55 +0000, 12
2021-09-07 01:14:48 +0000, 7
2021-09-07 02:34:02 +0000, 1
2021-09-07 03:26:30 +0000, 0
2021-09-07 04:35:19 +0000, 0
2021-09-07 05:22:43 +0000, 3
2021-09-07 06:31:34 +0000, 0
2021-09-07 07:23:47 +0000, 3
2021-09-07 08:29:29 +0000, 2
2021-09-07 09:25:25 +0000, 2
2021-09-07 10:28:42 +0000, 3
2021-09-07 11:21:54 +0000, 5
2021-09-07 12:41:29 +0000, 12
2021-09-07 13:28:53 +0000, 10
2021-09-07 14:23:15 +0000, 14
2021-09-07 15:28:37 +0000, 18
2021-09-07 16:44:13 +0000, 22
2021-09-07 17:30:46 +0000, 16
2021-09-07 18:30:29 +0000, 15
2021-09-07 19:19:06 +0000, 22
2021-09-07 20:27:06 +0000, 22
2021-09-07 21:22:38 +0000, 22
2021-09-07 22:25:48 +0000, 18
2021-09-07 23:24:57 +0000, 17
2021-09-08 01:16:36 +0000, 14
2021-09-08 02:33:58 +0000, 3
2021-09-08 03:26:31 +0000, 3
2021-09-08 04:35:34 +0000, 3
2021-09-08 05:20:47 +0000, 3
2021-09-08 06:31:20 +0000, 3
2021-09-08 07:23:42 +0000, 5
2021-09-08 08:29:15 +0000, 8
2021-09-08 09:25:41 +0000, 7
2021-09-08 10:29:06 +0000, 9
2021-09-08 11:21:48 +0000, 8
2021-09-08 12:41:45 +0000, 12
2021-09-08 13:29:09 +0000, 17
2021-09-08 14:23:17 +0000, 15
2021-09-08 15:28:50 +0000, 17
2021-09-08 16:43:50 +0000, 16
2021-09-08 17:30:39 +0000, 22
2021-09-08 18:31:37 +0000, 22
2021-09-08 19:19:23 +0000, 20
2021-09-08 20:27:37 +0000, 28
2021-09-08 21:22:47 +0000, 36
2021-09-08 22:25:58 +0000, 27
2021-09-08 23:25:14 +0000, 17
2021-09-09 01:21:06 +0000, 11
2021-09-09 02:35:48 +0000, 6
2021-09-09 03:26:48 +0000, 3
2021-09-09 04:35:44 +0000, 3
2021-09-09 05:23:29 +0000, 3
2021-09-09 06:31:34 +0000, 5
2021-09-09 07:23:52 +0000, 5
2021-09-09 08:29:34 +0000, 7
2021-09-09 09:25:50 +0000, 6
2021-09-09 10:28:57 +0000, 9
2021-09-09 11:22:12 +0000, 9
2021-09-09 12:42:07 +0000, 13
2021-09-09 13:29:43 +0000, 13
2021-09-09 14:23:12 +0000, 15
2021-09-09 15:29:02 +0000, 17
2021-09-09 16:43:25 +0000, 21
2021-09-09 17:30:37 +0000, 17
2021-09-09 18:30:28 +0000, 25
2021-09-09 19:18:55 +0000, 28
2021-09-09 20:27:19 +0000, 29
2021-09-09 21:23:00 +0000, 26
2021-09-09 22:25:06 +0000, 19
2021-09-09 23:25:02 +0000, 19
2021-09-10 01:21:00 +0000, 4
2021-09-10 02:35:44 +0000, 2
2021-09-10 03:26:26 +0000, 3
2021-09-10 04:35:27 +0000, 2
2021-09-10 05:22:53 +0000, 2
2021-09-10 06:31:11 +0000, 3
2021-09-10 07:23:45 +0000, 5
2021-09-10 08:29:06 +0000, 4
2021-09-10 09:25:16 +0000, 6
2021-09-10 10:28:38 +0000, 6
2021-09-10 11:21:44 +0000, 14
2021-09-10 12:41:35 +0000, 12
2021-09-10 13:30:16 +0000, 13
2021-09-10 14:23:13 +0000, 23
2021-09-10 15:28:22 +0000, 19
2021-09-10 16:40:58 +0000, 24
2021-09-10 17:28:40 +0000, 19
2021-09-10 18:30:14 +0000, 16
2021-09-10 19:18:55 +0000, 15
2021-09-10 20:27:13 +0000, 19
2021-09-10 21:21:49 +0000, 21
2021-09-10 22:25:31 +0000, 15
2021-09-10 23:24:55 +0000, 17
2021-09-11 01:16:29 +0000, 14
2021-09-11 02:35:44 +0000, 2
2021-09-11 03:26:28 +0000, 2
2021-09-11 04:35:09 +0000, 2
2021-09-11 05:22:13 +0000, 4
2021-09-11 06:30:26 +0000, 4
2021-09-11 07:23:07 +0000, 6
2021-09-11 08:28:20 +0000, 10
2021-09-11 09:24:46 +0000, 8
2021-09-11 10:27:45 +0000, 14
2021-09-11 11:21:26 +0000, 17
2021-09-11 12:40:14 +0000, 14
2021-09-11 13:27:24 +0000, 24
2021-09-11 14:22:00 +0000, 15
2021-09-11 15:27:08 +0000, 18
2021-09-11 16:41:50 +0000, 20
2021-09-11 17:28:41 +0000, 20
2021-09-11 18:29:38 +0000, 16
2021-09-11 19:18:31 +0000, 21
2021-09-11 20:26:31 +0000, 16
2021-09-11 21:21:59 +0000, 15
2021-09-11 22:24:57 +0000, 24
2021-09-11 23:24:27 +0000, 14
2021-09-12 01:21:53 +0000, 17
2021-09-12 02:35:10 +0000, 9
2021-09-12 03:26:04 +0000, 4
2021-09-12 04:35:08 +0000, 3
2021-09-12 05:22:10 +0000, 3
2021-09-12 06:30:23 +0000, 3
2021-09-12 07:23:19 +0000, 6
2021-09-12 08:28:04 +0000, 12
2021-09-12 09:24:31 +0000, 10
2021-09-12 10:27:36 +0000, 14
2021-09-12 11:21:21 +0000, 26
2021-09-12 12:40:11 +0000, 20
2021-09-12 13:27:19 +0000, 18
2021-09-12 14:22:23 +0000, 22
2021-09-12 15:27:16 +0000, 20
2021-09-12 16:42:03 +0000, 24
2021-09-12 17:28:44 +0000, 24
2021-09-12 18:29:31 +0000, 21
2021-09-12 19:18:37 +0000, 21
2021-09-12 20:26:25 +0000, 23
2021-09-12 21:22:21 +0000, 19
2021-09-12 22:24:53 +0000, 21
2021-09-12 23:24:35 +0000, 11
2021-09-13 01:19:32 +0000, 8
2021-09-13 02:34:58 +0000, 3
2021-09-13 03:26:25 +0000, 4
2021-09-13 04:35:24 +0000, 2
2021-09-13 05:22:57 +0000, 2
2021-09-13 06:31:24 +0000, 2
2021-09-13 07:23:58 +0000, 2
2021-09-13 08:29:37 +0000, 9
2021-09-13 09:25:43 +0000, 4
2021-09-13 10:29:08 +0000, 6
2021-09-13 11:21:55 +0000, 4
2021-09-13 12:45:58 +0000, 11
2021-09-13 13:31:24 +0000, 13
2021-09-13 14:23:39 +0000, 16
2021-09-13 15:28:27 +0000, 19
2021-09-13 16:41:55 +0000, 21
2021-09-13 17:28:00 +0000, 22
2021-09-13 18:31:17 +0000, 19
2021-09-13 19:19:17 +0000, 30
2021-09-13 20:27:20 +0000, 12
2021-09-13 21:23:01 +0000, 23
2021-09-13 22:25:27 +0000, 19
2021-09-13 23:25:00 +0000, 11
2021-09-14 01:20:30 +0000, 9
2021-09-14 02:34:02 +0000, 2
2021-09-14 03:26:27 +0000, 2
2021-09-14 04:34:52 +0000, 3
2021-09-14 05:22:47 +0000, 2
2021-09-14 06:30:59 +0000, 2
2021-09-14 07:23:48 +0000, 3
2021-09-14 08:29:22 +0000, 4
2021-09-14 09:25:14 +0000, 8
2021-09-14 10:28:23 +0000, 10
2021-09-14 11:21:54 +0000, 3
2021-09-14 12:41:50 +0000, 13
2021-09-14 13:29:09 +0000, 10
2021-09-14 14:23:06 +0000, 16
2021-09-14 15:28:06 +0000, 22
2021-09-14 16:42:55 +0000, 25
2021-09-14 17:29:44 +0000, 22
2021-09-14 18:29:35 +0000, 18
2021-09-14 19:19:13 +0000, 19
2021-09-14 20:26:48 +0000, 24
2021-09-14 21:22:41 +0000, 24
2021-09-14 22:25:16 +0000, 19
2021-09-14 23:24:53 +0000, 15
2021-09-15 01:18:45 +0000, 8
2021-09-15 02:34:11 +0000, 2
2021-09-15 03:26:48 +0000, 2
2021-09-15 04:34:46 +0000, 2
2021-09-15 05:22:47 +0000, 2
2021-09-15 06:31:05 +0000, 2
2021-09-15 07:23:36 +0000, 2
2021-09-15 08:29:23 +0000, 8
2021-09-15 09:25:11 +0000, 9
2021-09-15 10:28:21 +0000, 8
2021-09-15 11:21:52 +0000, 8
2021-09-15 12:43:29 +0000, 11
2021-09-15 13:29:08 +0000, 12
2021-09-15 14:23:08 +0000, 17
2021-09-15 15:28:14 +0000, 19
2021-09-15 16:40:22 +0000, 0
2021-09-15 17:28:45 +0000, 33
2021-09-15 18:30:23 +0000, 18
2021-09-15 19:19:24 +0000, 28
2021-09-15 20:27:10 +0000, 27
2021-09-15 21:22:44 +0000, 25
2021-09-15 22:25:25 +0000, 20
2021-09-15 23:25:09 +0000, 10
2021-09-16 01:23:57 +0000, 12
2021-09-16 02:36:11 +0000, 5
2021-09-16 03:26:39 +0000, 2
2021-09-16 04:32:48 +0000, 2
2021-09-16 05:23:13 +0000, 2
2021-09-16 06:31:03 +0000, 2
2021-09-16 07:24:07 +0000, 4
2021-09-16 08:29:22 +0000, 6
2021-09-16 09:25:19 +0000, 7
2021-09-16 10:28:53 +0000, 6
2021-09-16 11:21:47 +0000, 6
2021-09-16 12:43:20 +0000, 14
2021-09-16 13:29:44 +0000, 12
2021-09-16 14:24:21 +0000, 13
2021-09-16 15:28:29 +0000, 15
2021-09-16 16:42:13 +0000, 16
2021-09-16 17:29:24 +0000, 17
2021-09-16 18:30:12 +0000, 16
2021-09-16 19:18:59 +0000, 16
2021-09-16 20:27:03 +0000, 23
2021-09-16 21:22:46 +0000, 19
2021-09-16 22:25:29 +0000, 21
2021-09-16 23:25:07 +0000, 15
2021-09-17 01:29:48 +0000, 9
2021-09-17 02:36:30 +0000, 2
2021-09-17 03:26:38 +0000, 2
2021-09-17 04:34:29 +0000, 2
2021-09-17 05:22:49 +0000, 4
2021-09-17 06:30:51 +0000, 5
2021-09-17 07:23:35 +0000, 6
2021-09-17 08:29:31 +0000, 6
2021-09-17 09:25:16 +0000, 13
2021-09-17 10:28:11 +0000, 7
2021-09-17 11:21:43 +0000, 8
2021-09-17 12:42:06 +0000, 10
2021-09-17 13:28:55 +0000, 11
2021-09-17 14:23:04 +0000, 17
2021-09-17 15:28:00 +0000, 22
2021-09-17 16:43:59 +0000, 27
2021-09-17 17:28:30 +0000, 22
2021-09-17 18:27:55 +0000, 19
2021-09-17 19:19:45 +0000, 23
2021-09-17 20:26:58 +0000, 23
2021-09-17 21:21:55 +0000, 15
2021-09-17 22:25:23 +0000, 17
2021-09-17 23:25:41 +0000, 18
2021-09-18 01:19:30 +0000, 13
2021-09-18 02:37:36 +0000, 5
2021-09-18 03:26:37 +0000, 3
2021-09-18 04:34:13 +0000, 3
2021-09-18 05:22:25 +0000, 3
2021-09-18 06:30:18 +0000, 3
2021-09-18 07:23:10 +0000, 3
2021-09-18 08:28:12 +0000, 6
2021-09-18 09:24:26 +0000, 10
2021-09-18 10:27:45 +0000, 15
2021-09-18 11:21:20 +0000, 13
2021-09-18 12:39:53 +0000, 15
2021-09-18 13:27:23 +0000, 10
2021-09-18 14:22:11 +0000, 24
2021-09-18 15:27:13 +0000, 26
2021-09-18 16:40:47 +0000, 26
2021-09-18 17:27:46 +0000, 21
2021-09-18 18:29:38 +0000, 28
2021-09-18 19:18:50 +0000, 21
2021-09-18 20:26:20 +0000, 19
2021-09-18 21:22:13 +0000, 18
2021-09-18 22:24:47 +0000, 15
2021-09-18 23:24:35 +0000, 21
2021-09-19 01:19:13 +0000, 13
2021-09-19 02:35:04 +0000, 7
2021-09-19 03:26:13 +0000, 7
2021-09-19 04:34:18 +0000, 11
2021-09-19 05:22:24 +0000, 8
2021-09-19 06:30:06 +0000, 8
2021-09-19 07:23:19 +0000, 10
2021-09-19 08:28:04 +0000, 11
2021-09-19 09:24:29 +0000, 14
2021-09-19 10:27:40 +0000, 12
2021-09-19 11:21:09 +0000, 16
2021-09-19 12:40:15 +0000, 21
2021-09-19 13:27:24 +0000, 28
2021-09-19 14:22:10 +0000, 26
2021-09-19 15:27:07 +0000, 25
2021-09-19 16:40:41 +0000, 24
2021-09-19 17:27:48 +0000, 37
2021-09-19 18:29:27 +0000, 22
2021-09-19 19:18:40 +0000, 14
2021-09-19 20:26:35 +0000, 18
2021-09-19 21:22:04 +0000, 20
2021-09-19 22:25:03 +0000, 23
2021-09-19 23:24:53 +0000, 18
2021-09-20 01:21:58 +0000, 12
2021-09-20 02:35:18 +0000, 4
2021-09-20 03:26:34 +0000, 4
2021-09-20 04:34:51 +0000, 4
2021-09-20 05:23:11 +0000, 4
2021-09-20 06:31:19 +0000, 4
2021-09-20 07:24:03 +0000, 4
2021-09-20 08:29:36 +0000, 6
2021-09-20 09:25:26 +0000, 10
2021-09-20 10:28:34 +0000, 9
2021-09-20 11:21:56 +0000, 9
2021-09-20 12:44:05 +0000, 10
2021-09-20 13:30:16 +0000, 13
2021-09-20 14:22:59 +0000, 18
2021-09-20 15:29:27 +0000, 0
2021-09-20 16:38:20 +0000, 23
2021-09-20 17:27:08 +0000, 23
2021-09-20 18:30:23 +0000, 23
2021-09-20 19:19:28 +0000, 24
2021-09-20 20:27:34 +0000, 31
2021-09-20 21:23:41 +0000, 30
2021-09-20 22:25:21 +0000, 29
2021-09-20 23:21:18 +0000, 15
2021-09-21 01:19:47 +0000, 13
2021-09-21 02:35:11 +0000, 3
2021-09-21 03:26:38 +0000, 3
2021-09-21 04:35:10 +0000, 3
2021-09-21 05:22:48 +0000, 5
2021-09-21 06:31:06 +0000, 6
2021-09-21 07:23:38 +0000, 8
2021-09-21 08:29:39 +0000, 10
2021-09-21 09:25:20 +0000, 10
2021-09-21 10:28:06 +0000, 5
2021-09-21 11:21:42 +0000, 6
2021-09-21 12:41:58 +0000, 10
2021-09-21 13:29:13 +0000, 14
2021-09-21 14:23:03 +0000, 17
2021-09-21 15:28:17 +0000, 16
2021-09-21 16:43:01 +0000, 20
2021-09-21 17:31:21 +0000, 25
2021-09-21 18:30:37 +0000, 25
2021-09-21 19:19:14 +0000, 28
2021-09-21 20:27:13 +0000, 33
2021-09-21 21:22:30 +0000, 25
2021-09-21 22:25:31 +0000, 20
2021-09-21 23:25:26 +0000, 12
2021-09-22 01:20:58 +0000, 6
2021-09-22 02:35:44 +0000, 3
2021-09-22 03:26:42 +0000, 12
2021-09-22 04:34:37 +0000, 3
2021-09-22 05:23:35 +0000, 3
2021-09-22 06:31:03 +0000, 3
2021-09-22 07:23:41 +0000, 5
2021-09-22 08:29:16 +0000, 3
2021-09-22 09:25:18 +0000, 7
2021-09-22 10:28:14 +0000, 13
2021-09-22 11:22:01 +0000, 14
2021-09-22 12:43:12 +0000, 22
2021-09-22 13:29:48 +0000, 18
2021-09-22 14:23:01 +0000, 21
2021-09-22 15:28:05 +0000, 24
2021-09-22 16:43:27 +0000, 24
2021-09-22 17:30:17 +0000, 21
2021-09-22 18:30:15 +0000, 18
2021-09-22 19:19:25 +0000, 22
2021-09-22 20:27:00 +0000, 28
2021-09-22 21:22:43 +0000, 34
2021-09-22 22:25:35 +0000, 23
2021-09-22 23:25:28 +0000, 11
2021-09-23 01:27:21 +0000, 8
2021-09-23 02:36:37 +0000, 3
2021-09-23 03:26:47 +0000, 3
2021-09-23 04:35:20 +0000, 3
2021-09-23 05:23:20 +0000, 3
2021-09-23 06:31:31 +0000, 6
2021-09-23 07:24:02 +0000, 5
2021-09-23 08:29:54 +0000, 10
2021-09-23 09:25:51 +0000, 9
2021-09-23 10:29:13 +0000, 7
2021-09-23 11:22:17 +0000, 11
2021-09-23 12:44:14 +0000, 12
2021-09-23 13:31:45 +0000, 10
2021-09-23 14:23:20 +0000, 18
2021-09-23 15:28:14 +0000, 18
2021-09-23 16:41:36 +0000, 19
2021-09-23 17:29:05 +0000, 16
2021-09-23 18:30:17 +0000, 19
2021-09-23 19:19:22 +0000, 20
2021-09-23 20:26:54 +0000, 23
2021-09-23 21:22:53 +0000, 22
2021-09-23 22:25:39 +0000, 20
2021-09-23 23:25:13 +0000, 12
2021-09-24 01:20:28 +0000, 6
2021-09-24 02:34:46 +0000, 5
2021-09-24 03:26:39 +0000, 3
2021-09-24 04:34:54 +0000, 3
2021-09-24 05:22:43 +0000, 3
2021-09-24 06:31:03 +0000, 3
2021-09-24 07:23:42 +0000, 3
2021-09-24 08:29:33 +0000, 7
2021-09-24 09:25:16 +0000, 11
2021-09-24 10:28:30 +0000, 9
2021-09-24 11:22:01 +0000, 14
2021-09-24 12:41:21 +0000, 15
2021-09-24 13:28:17 +0000, 16
2021-09-24 14:22:53 +0000, 20
2021-09-24 15:28:10 +0000, 20
2021-09-24 16:42:23 +0000, 15
2021-09-24 17:27:30 +0000, 24
2021-09-24 18:31:09 +0000, 23
2021-09-24 19:19:28 +0000, 19
2021-09-24 20:26:53 +0000, 24
2021-09-24 21:22:45 +0000, 22
2021-09-24 22:25:19 +0000, 28
2021-09-24 23:25:10 +0000, 21
2021-09-25 01:17:54 +0000, 15
2021-09-25 02:36:27 +0000, 9
2021-09-25 03:26:30 +0000, 4
2021-09-25 04:34:12 +0000, 4
2021-09-25 05:22:22 +0000, 4
2021-09-25 06:30:19 +0000, 4
2021-09-25 07:23:17 +0000, 6
2021-09-25 08:28:25 +0000, 10
2021-09-25 09:24:21 +0000, 11
2021-09-25 10:27:37 +0000, 13
2021-09-25 11:21:37 +0000, 19
2021-09-25 12:40:03 +0000, 19
2021-09-25 13:27:33 +0000, 14
2021-09-25 14:22:15 +0000, 17
2021-09-25 15:26:58 +0000, 17
2021-09-25 16:41:14 +0000, 19
2021-09-25 17:27:53 +0000, 17
2021-09-25 18:29:17 +0000, 16
2021-09-25 19:18:49 +0000, 17
2021-09-25 20:26:11 +0000, 14
2021-09-25 21:22:24 +0000, 22
2021-09-25 22:25:02 +0000, 16
2021-09-25 23:26:06 +0000, 76
2021-09-26 01:21:28 +0000, 82
2021-09-26 02:34:24 +0000, 3
2021-09-26 03:26:16 +0000, 3
2021-09-26 04:34:35 +0000, 3
2021-09-26 05:22:27 +0000, 3
2021-09-26 06:30:08 +0000, 3
2021-09-26 07:23:07 +0000, 3
2021-09-26 08:28:30 +0000, 5
2021-09-26 09:25:08 +0000, 10
2021-09-26 10:27:42 +0000, 16
2021-09-26 11:21:17 +0000, 14
2021-09-26 12:40:38 +0000, 14
2021-09-26 13:27:37 +0000, 15
2021-09-26 14:22:07 +0000, 19
2021-09-26 15:27:41 +0000, 20
2021-09-26 16:42:25 +0000, 90
2021-09-26 17:27:46 +0000, 107
2021-09-26 18:29:27 +0000, 18
2021-09-26 19:19:08 +0000, 16
2021-09-26 20:25:46 +0000, 14
2021-09-26 21:22:29 +0000, 19
2021-09-26 22:24:57 +0000, 20
2021-09-26 23:24:46 +0000, 11
2021-09-27 01:18:27 +0000, 7
2021-09-27 02:35:32 +0000, 3
2021-09-27 03:26:48 +0000, 3
2021-09-27 04:34:43 +0000, 3
2021-09-27 05:23:14 +0000, 3
2021-09-27 06:33:01 +0000, 3
2021-09-27 07:24:11 +0000, 3
2021-09-27 08:30:06 +0000, 6
2021-09-27 09:24:52 +0000, 5
2021-09-27 10:28:45 +0000, 11
2021-09-27 11:22:07 +0000, 10
2021-09-27 12:43:52 +0000, 12
2021-09-27 13:29:49 +0000, 12
2021-09-27 14:23:11 +0000, 15
2021-09-27 15:25:39 +0000, 20
2021-09-27 16:45:10 +0000, 23
2021-09-27 17:30:49 +0000, 18
2021-09-27 18:30:20 +0000, 16
2021-09-27 19:18:50 +0000, 12
2021-09-27 20:26:40 +0000, 21
2021-09-27 21:22:16 +0000, 28
2021-09-27 22:25:37 +0000, 16
2021-09-27 23:25:05 +0000, 10
2021-09-28 01:20:05 +0000, 8
2021-09-28 02:35:22 +0000, 4
2021-09-28 03:26:50 +0000, 4
2021-09-28 04:34:04 +0000, 4
2021-09-28 05:22:56 +0000, 4
2021-09-28 06:32:30 +0000, 98
2021-09-28 07:23:58 +0000, 96
2021-09-28 08:29:44 +0000, 8
2021-09-28 09:25:08 +0000, 8
2021-09-28 10:28:24 +0000, 5
2021-09-28 11:23:20 +0000, 130
2021-09-28 12:42:07 +0000, 127
2021-09-28 13:29:11 +0000, 12
2021-09-28 14:22:58 +0000, 23
2021-09-28 15:29:37 +0000, 26
2021-09-28 16:42:23 +0000, 27
2021-09-28 17:29:29 +0000, 22
2021-09-28 18:30:09 +0000, 22
2021-09-28 19:19:34 +0000, 19
2021-09-28 20:24:25 +0000, 19
2021-09-28 21:19:05 +0000, 16
2021-09-28 22:25:44 +0000, 12
2021-09-28 23:25:17 +0000, 15
2021-09-29 01:15:35 +0000, 10
2021-09-29 02:33:15 +0000, 5
2021-09-29 03:26:56 +0000, 3
2021-09-29 04:34:33 +0000, 3
2021-09-29 05:23:07 +0000, 3
2021-09-29 06:31:17 +0000, 3
2021-09-29 07:23:47 +0000, 3
2021-09-29 08:29:19 +0000, 3
2021-09-29 09:25:10 +0000, 6
2021-09-29 10:28:41 +0000, 7
2021-09-29 11:22:02 +0000, 11
2021-09-29 12:41:10 +0000, 10
2021-09-29 13:30:57 +0000, 100
2021-09-29 14:23:25 +0000, 100
2021-09-29 15:28:13 +0000, 11
2021-09-29 16:42:39 +0000, 21
2021-09-29 17:30:11 +0000, 18
2021-09-29 18:30:12 +0000, 22
2021-09-29 19:19:48 +0000, 16
2021-09-29 20:26:31 +0000, 22
2021-09-29 21:23:06 +0000, 33
2021-09-29 22:25:31 +0000, 17
2021-09-29 23:25:28 +0000, 12
2021-09-30 01:30:19 +0000, 4
2021-09-30 02:36:45 +0000, 2
2021-09-30 03:26:45 +0000, 2
2021-09-30 04:34:10 +0000, 2
2021-09-30 05:23:13 +0000, 2
2021-09-30 06:31:20 +0000, 2
2021-09-30 07:23:53 +0000, 5
2021-09-30 08:29:26 +0000, 5
2021-09-30 09:25:03 +0000, 7
2021-09-30 10:28:30 +0000, 5
2021-09-30 11:21:55 +0000, 15
2021-09-30 12:41:56 +0000, 10
2021-09-30 13:29:29 +0000, 57
2021-09-30 14:23:22 +0000, 55
2021-09-30 15:29:10 +0000, 102
2021-09-30 16:42:20 +0000, 25
2021-09-30 17:29:27 +0000, 24
2021-09-30 18:30:09 +0000, 20
2021-09-30 19:19:30 +0000, 18
2021-09-30 20:26:11 +0000, 16
2021-09-30 21:23:02 +0000, 23
2021-09-30 22:25:09 +0000, 19
2021-09-30 23:25:34 +0000, 17
2021-10-01 01:28:58 +0000, 12
2021-10-01 02:39:51 +0000, 2
2021-10-01 03:26:49 +0000, 2
2021-10-01 04:34:22 +0000, 2
2021-10-01 05:23:08 +0000, 2
2021-10-01 06:31:15 +0000, 2
2021-10-01 07:23:51 +0000, 2
2021-10-01 08:29:28 +0000, 4
2021-10-01 09:25:39 +0000, 5
2021-10-01 10:28:32 +0000, 9
2021-10-01 11:22:19 +0000, 9
2021-10-01 12:43:39 +0000, 12
2021-10-01 13:29:23 +0000, 17
2021-10-01 14:23:10 +0000, 14
2021-10-01 15:28:12 +0000, 14
2021-10-01 16:43:42 +0000, 21
2021-10-01 17:30:47 +0000, 18
2021-10-01 18:29:57 +0000, 11
2021-10-01 19:19:32 +0000, 24
2021-10-01 20:26:16 +0000, 23
2021-10-01 21:22:44 +0000, 19
2021-10-01 22:25:33 +0000, 23
2021-10-01 23:25:18 +0000, 15
2021-10-02 01:18:26 +0000, 5
2021-10-02 02:36:09 +0000, 2
2021-10-02 03:26:34 +0000, 2
2021-10-02 04:34:12 +0000, 2
2021-10-02 05:22:36 +0000, 2
2021-10-02 06:30:10 +0000, 2
2021-10-02 07:23:20 +0000, 2
2021-10-02 08:28:30 +0000, 3
2021-10-02 09:24:35 +0000, 4
2021-10-02 10:28:00 +0000, 8
2021-10-02 11:21:32 +0000, 6
2021-10-02 12:39:30 +0000, 13
2021-10-02 13:27:23 +0000, 13
2021-10-02 14:22:00 +0000, 11
2021-10-02 15:27:07 +0000, 15
2021-10-02 16:41:02 +0000, 25
2021-10-02 17:27:55 +0000, 29
2021-10-02 18:31:17 +0000, 0
2021-10-02 19:18:52 +0000, 27
2021-10-02 20:25:29 +0000, 16
2021-10-02 21:22:30 +0000, 16
2021-10-02 22:25:03 +0000, 13
2021-10-02 23:24:59 +0000, 10
2021-10-03 01:27:54 +0000, 16
2021-10-03 02:35:33 +0000, 5
2021-10-03 03:26:17 +0000, 2
2021-10-03 04:33:54 +0000, 2
2021-10-03 05:22:29 +0000, 2
2021-10-03 06:30:40 +0000, 2
2021-10-03 07:23:08 +0000, 6
2021-10-03 08:28:37 +0000, 9
2021-10-03 09:24:37 +0000, 11
2021-10-03 10:27:54 +0000, 11
2021-10-03 11:21:40 +0000, 10
2021-10-03 12:39:40 +0000, 16
2021-10-03 13:27:26 +0000, 19
2021-10-03 14:22:01 +0000, 16
2021-10-03 15:27:14 +0000, 17
2021-10-03 16:40:51 +0000, 26
2021-10-03 17:27:43 +0000, 23
2021-10-03 18:29:07 +0000, 17
2021-10-03 19:18:52 +0000, 18
2021-10-03 20:25:10 +0000, 24
2021-10-03 21:22:22 +0000, 18
2021-10-03 22:25:06 +0000, 10
2021-10-03 23:25:23 +0000, 8
2021-10-04 01:27:38 +0000, 6
2021-10-04 02:37:30 +0000, 2
2021-10-04 03:26:49 +0000, 3
2021-10-04 04:34:19 +0000, 4
2021-10-04 05:23:11 +0000, 2
2021-10-04 06:31:35 +0000, 2
2021-10-04 07:24:01 +0000, 3
2021-10-04 08:30:08 +0000, 8
2021-10-04 09:25:45 +0000, 6
2021-10-04 10:28:47 +0000, 8
2021-10-04 11:22:08 +0000, 10
2021-10-04 12:41:00 +0000, 10
2021-10-04 13:29:25 +0000, 13
2021-10-04 14:23:15 +0000, 11
2021-10-04 15:28:01 +0000, 9
2021-10-04 16:44:28 +0000, 15
2021-10-04 17:31:51 +0000, 15
2021-10-04 18:30:23 +0000, 18
2021-10-04 19:19:33 +0000, 21
2021-10-04 20:26:57 +0000, 21
2021-10-04 21:22:51 +0000, 19
2021-10-04 22:25:52 +0000, 15
2021-10-04 23:21:58 +0000, 9
2021-10-05 01:19:40 +0000, 11
2021-10-05 02:35:10 +0000, 6
2021-10-05 03:26:31 +0000, 3
2021-10-05 04:35:00 +0000, 3
2021-10-05 05:23:05 +0000, 3
2021-10-05 06:30:52 +0000, 3
2021-10-05 07:23:46 +0000, 3
2021-10-05 08:30:30 +0000, 8
2021-10-05 09:25:24 +0000, 9
2021-10-05 10:28:20 +0000, 16
2021-10-05 11:22:08 +0000, 13
2021-10-05 12:41:38 +0000, 10
2021-10-05 13:29:49 +0000, 12
2021-10-05 15:06:06 +0000, 12
2021-10-05 15:36:20 +0000, 17
2021-10-05 16:43:22 +0000, 21
2021-10-05 17:29:49 +0000, 16
2021-10-05 18:30:16 +0000, 22
2021-10-05 19:19:43 +0000, 27
2021-10-05 20:26:00 +0000, 19
2021-10-05 21:23:27 +0000, 21
2021-10-05 22:25:56 +0000, 12
2021-10-05 23:25:34 +0000, 5
2021-10-06 01:20:00 +0000, 5
2021-10-06 02:35:42 +0000, 3
2021-10-06 03:26:42 +0000, 3
2021-10-06 04:34:03 +0000, 3
2021-10-06 05:23:22 +0000, 3
2021-10-06 06:30:53 +0000, 3
2021-10-06 07:23:53 +0000, 3
2021-10-06 08:29:35 +0000, 5
2021-10-06 09:25:36 +0000, 6
2021-10-06 10:28:24 +0000, 6
2021-10-06 11:22:05 +0000, 6
2021-10-06 12:41:27 +0000, 8
2021-10-06 13:40:41 +0000, 12
2021-10-06 14:29:08 +0000, 12
2021-10-06 15:28:01 +0000, 15
2021-10-06 16:39:54 +0000, 19
2021-10-06 17:28:48 +0000, 15
2021-10-06 18:30:10 +0000, 21
2021-10-06 19:19:31 +0000, 23
2021-10-06 20:26:13 +0000, 21
2021-10-06 21:21:56 +0000, 17
2021-10-06 22:25:30 +0000, 19
2021-10-06 23:25:26 +0000, 7
2021-10-07 01:21:38 +0000, 3
2021-10-07 02:37:18 +0000, 3
2021-10-07 03:26:43 +0000, 6
2021-10-07 04:34:37 +0000, 3
2021-10-07 05:23:17 +0000, 3
2021-10-07 06:30:55 +0000, 3
2021-10-07 07:25:36 +0000, 6
2021-10-07 08:30:07 +0000, 6
2021-10-07 09:23:54 +0000, 8
2021-10-07 10:28:40 +0000, 8
2021-10-07 11:22:07 +0000, 4
2021-10-07 12:44:43 +0000, 7
2021-10-07 13:31:46 +0000, 9
2021-10-07 14:22:28 +0000, 9
2021-10-07 15:24:51 +0000, 13
2021-10-07 16:35:20 +0000, 17
2021-10-07 17:25:24 +0000, 21
2021-10-07 18:29:26 +0000, 21
2021-10-07 19:18:54 +0000, 17
2021-10-07 20:25:02 +0000, 28
2021-10-07 21:22:50 +0000, 22
2021-10-07 22:25:36 +0000, 19
2021-10-07 23:25:35 +0000, 12
2021-10-08 01:28:16 +0000, 6
2021-10-08 02:37:06 +0000, 3
2021-10-08 03:26:36 +0000, 3
2021-10-08 04:34:18 +0000, 3
2021-10-08 05:23:15 +0000, 3
2021-10-08 06:31:09 +0000, 3
2021-10-08 07:23:49 +0000, 3
2021-10-08 08:30:16 +0000, 3
2021-10-08 09:25:35 +0000, 5
2021-10-08 10:28:44 +0000, 4
2021-10-08 11:23:21 +0000, 6
2021-10-08 12:41:25 +0000, 9
2021-10-08 13:28:51 +0000, 13
2021-10-08 14:23:11 +0000, 8
2021-10-08 15:27:53 +0000, 10
2021-10-08 16:43:58 +0000, 16
2021-10-08 17:31:05 +0000, 18
2021-10-08 18:29:19 +0000, 20
2021-10-08 19:19:33 +0000, 22
2021-10-08 20:26:10 +0000, 21
2021-10-08 21:22:26 +0000, 21
2021-10-08 22:25:31 +0000, 23
2021-10-08 23:25:43 +0000, 9
2021-10-09 01:16:12 +0000, 6
2021-10-09 02:36:13 +0000, 4
2021-10-09 03:26:36 +0000, 4
2021-10-09 04:34:13 +0000, 4
2021-10-09 05:22:34 +0000, 4
2021-10-09 06:30:14 +0000, 4
2021-10-09 07:23:23 +0000, 4
2021-10-09 08:28:40 +0000, 7
2021-10-09 09:24:33 +0000, 8
2021-10-09 10:27:57 +0000, 11
2021-10-09 11:21:38 +0000, 6
2021-10-09 12:39:16 +0000, 14
2021-10-09 13:27:22 +0000, 14
2021-10-09 14:22:11 +0000, 19
2021-10-09 15:26:57 +0000, 12
2021-10-09 16:41:11 +0000, 15
2021-10-09 17:28:08 +0000, 19
2021-10-09 18:29:24 +0000, 18
2021-10-09 19:18:54 +0000, 15
2021-10-09 20:25:30 +0000, 14
2021-10-09 21:22:17 +0000, 27
2021-10-09 22:25:01 +0000, 15
2021-10-09 23:25:03 +0000, 11
2021-10-10 01:21:37 +0000, 7
2021-10-10 02:35:28 +0000, 3
2021-10-10 03:26:18 +0000, 3
2021-10-10 04:34:17 +0000, 3
2021-10-10 05:22:29 +0000, 3
2021-10-10 06:30:16 +0000, 3
2021-10-10 07:23:27 +0000, 5
2021-10-10 08:28:49 +0000, 10
2021-10-10 09:24:42 +0000, 16
2021-10-10 10:27:41 +0000, 14
2021-10-10 11:21:21 +0000, 15
2021-10-10 12:39:25 +0000, 16
2021-10-10 13:27:14 +0000, 18
2021-10-10 14:22:10 +0000, 14
2021-10-10 15:27:09 +0000, 21
2021-10-10 16:41:18 +0000, 22
2021-10-10 17:28:04 +0000, 22
2021-10-10 18:29:25 +0000, 21
2021-10-10 19:19:04 +0000, 17
2021-10-10 20:25:39 +0000, 16
2021-10-10 21:22:11 +0000, 20
2021-10-10 22:24:55 +0000, 13
2021-10-10 23:25:28 +0000, 4
2021-10-11 01:22:19 +0000, 3
2021-10-11 02:36:57 +0000, 0
2021-10-11 03:26:51 +0000, 0
2021-10-11 04:34:07 +0000, 0
2021-10-11 05:23:18 +0000, 0
2021-10-11 06:31:28 +0000, 0
2021-10-11 07:24:12 +0000, 0
2021-10-11 08:29:53 +0000, 2
2021-10-11 09:25:44 +0000, 3
2021-10-11 10:29:07 +0000, 3
2021-10-11 11:22:04 +0000, 4
2021-10-11 12:41:07 +0000, 8
2021-10-11 13:29:43 +0000, 11
2021-10-11 14:23:20 +0000, 17
2021-10-11 15:28:09 +0000, 16
2021-10-11 16:42:54 +0000, 18
2021-10-11 17:29:48 +0000, 13
2021-10-11 18:30:05 +0000, 22
2021-10-11 19:19:22 +0000, 28
2021-10-11 20:26:23 +0000, 20
2021-10-11 21:22:48 +0000, 14
2021-10-11 22:25:46 +0000, 13
2021-10-11 23:25:28 +0000, 13
2021-10-12 01:27:53 +0000, 4
2021-10-12 02:36:41 +0000, 0
2021-10-12 03:26:45 +0000, 0
2021-10-12 04:34:29 +0000, 0
2021-10-12 05:23:14 +0000, 0
2021-10-12 06:30:53 +0000, 0
2021-10-12 07:23:51 +0000, 0
2021-10-12 08:30:19 +0000, 0
2021-10-12 09:25:17 +0000, 0
2021-10-12 10:28:22 +0000, 2
2021-10-12 11:21:58 +0000, 3
2021-10-12 12:41:56 +0000, 6
2021-10-12 13:28:46 +0000, 4
2021-10-12 14:23:22 +0000, 8
2021-10-12 15:29:02 +0000, 10
2021-10-12 16:42:48 +0000, 13
2021-10-12 17:29:34 +0000, 13
2021-10-12 18:30:20 +0000, 11
2021-10-12 19:19:27 +0000, 15
2021-10-12 20:27:24 +0000, 19
2021-10-12 21:22:50 +0000, 16
2021-10-12 22:25:46 +0000, 17
2021-10-12 23:25:40 +0000, 14
2021-10-13 01:22:20 +0000, 3
2021-10-13 02:37:42 +0000, 0
2021-10-13 03:27:05 +0000, 0
2021-10-13 04:34:37 +0000, 0
2021-10-13 05:23:11 +0000, 0
2021-10-13 06:31:13 +0000, 0
2021-10-13 07:24:00 +0000, 0
2021-10-13 08:30:10 +0000, 0
2021-10-13 09:25:46 +0000, 0
2021-10-13 10:28:29 +0000, 1
2021-10-13 11:22:10 +0000, 2
2021-10-13 12:41:41 +0000, 7
2021-10-13 13:29:12 +0000, 9
2021-10-13 14:22:18 +0000, 6
2021-10-13 15:28:43 +0000, 11
2021-10-13 16:42:12 +0000, 14
2021-10-13 17:29:29 +0000, 15
2021-10-13 18:30:30 +0000, 17
2021-10-13 19:19:34 +0000, 20
2021-10-13 20:26:18 +0000, 19
2021-10-13 21:22:48 +0000, 20
2021-10-13 22:25:51 +0000, 12
2021-10-13 23:25:37 +0000, 10
2021-10-14 01:20:46 +0000, 3
2021-10-14 02:35:42 +0000, 0
2021-10-14 03:26:50 +0000, 0
2021-10-14 04:34:26 +0000, 0
2021-10-14 05:23:14 +0000, 0
2021-10-14 06:30:39 +0000, 0
2021-10-14 07:24:06 +0000, 0
2021-10-14 08:29:49 +0000, 0
2021-10-14 09:25:23 +0000, 1
2021-10-14 10:28:39 +0000, 7
2021-10-14 11:22:22 +0000, 8
2021-10-14 12:41:27 +0000, 7
2021-10-14 13:29:06 +0000, 12
2021-10-14 14:23:23 +0000, 8
2021-10-14 15:28:10 +0000, 10
2021-10-14 16:42:42 +0000, 15
2021-10-14 17:31:38 +0000, 14
2021-10-14 18:30:29 +0000, 13
2021-10-14 19:19:45 +0000, 10
2021-10-14 20:26:30 +0000, 13
2021-10-14 21:22:55 +0000, 18
2021-10-14 22:26:50 +0000, 16
2021-10-14 23:25:41 +0000, 6
2021-10-15 01:24:34 +0000, 3
2021-10-15 02:36:30 +0000, 0
2021-10-15 03:27:01 +0000, 0
2021-10-15 04:34:49 +0000, 0
2021-10-15 05:23:17 +0000, 0
2021-10-15 06:31:13 +0000, 0
2021-10-15 07:23:51 +0000, 2
2021-10-15 08:30:10 +0000, 2
2021-10-15 09:25:32 +0000, 2
2021-10-15 10:28:45 +0000, 3
2021-10-15 11:22:01 +0000, 4
2021-10-15 12:41:39 +0000, 4
2021-10-15 13:29:20 +0000, 10
2021-10-15 14:23:11 +0000, 12
2021-10-15 15:28:03 +0000, 6
2021-10-15 16:42:48 +0000, 13
2021-10-15 17:30:08 +0000, 8
2021-10-15 18:30:20 +0000, 9
2021-10-15 19:19:35 +0000, 10
2021-10-15 20:26:22 +0000, 12
2021-10-15 21:22:51 +0000, 18
2021-10-15 22:25:30 +0000, 18
2021-10-15 23:25:59 +0000, 11
2021-10-16 01:30:24 +0000, 8
2021-10-16 02:41:30 +0000, 0
2021-10-16 03:26:41 +0000, 0
2021-10-16 04:34:10 +0000, 0
2021-10-16 05:22:36 +0000, 0
2021-10-16 06:30:34 +0000, 0
2021-10-16 07:23:28 +0000, 1
2021-10-16 08:28:56 +0000, 2
2021-10-16 09:25:03 +0000, 1
2021-10-16 10:28:09 +0000, 3
2021-10-16 11:21:42 +0000, 7
2021-10-16 12:39:41 +0000, 9
2021-10-16 13:27:46 +0000, 12
2021-10-16 14:22:20 +0000, 18
2021-10-16 15:27:14 +0000, 16
2021-10-16 16:41:06 +0000, 18
2021-10-16 17:28:41 +0000, 19
2021-10-16 18:29:35 +0000, 16
2021-10-16 19:19:05 +0000, 16
2021-10-16 20:25:43 +0000, 14
2021-10-16 21:22:40 +0000, 19
2021-10-16 22:25:03 +0000, 13
2021-10-16 23:25:33 +0000, 8
2021-10-17 01:21:00 +0000, 5
2021-10-17 02:36:18 +0000, 0
2021-10-17 03:26:38 +0000, 0
2021-10-17 04:34:16 +0000, 0
2021-10-17 05:22:38 +0000, 0
2021-10-17 06:30:45 +0000, 0
2021-10-17 07:23:33 +0000, 3
2021-10-17 08:29:00 +0000, 3
2021-10-17 09:25:07 +0000, 7
2021-10-17 10:28:01 +0000, 3
2021-10-17 11:21:31 +0000, 7
2021-10-17 12:39:30 +0000, 7
2021-10-17 13:27:53 +0000, 13
2021-10-17 14:22:20 +0000, 10
2021-10-17 15:27:34 +0000, 13
2021-10-17 16:41:38 +0000, 20
2021-10-17 17:29:06 +0000, 16
2021-10-17 18:29:26 +0000, 14
2021-10-17 19:19:33 +0000, 23
2021-10-17 20:26:02 +0000, 25
2021-10-17 21:22:28 +0000, 22
2021-10-17 22:25:18 +0000, 16
2021-10-17 23:25:54 +0000, 14
2021-10-18 01:30:32 +0000, 8
2021-10-18 02:39:37 +0000, 0
2021-10-18 03:27:16 +0000, 0
2021-10-18 04:34:46 +0000, 0
2021-10-18 05:23:28 +0000, 0
2021-10-18 06:31:49 +0000, 0
2021-10-18 07:24:18 +0000, 0
2021-10-18 08:30:24 +0000, 0
2021-10-18 09:26:31 +0000, 2
2021-10-18 10:29:27 +0000, 2
2021-10-18 11:22:22 +0000, 3
2021-10-18 12:41:56 +0000, 4
2021-10-18 13:28:44 +0000, 3
2021-10-18 14:23:35 +0000, 6
2021-10-18 15:28:30 +0000, 10
2021-10-18 16:45:08 +0000, 15
2021-10-18 17:31:07 +0000, 11
2021-10-18 18:31:05 +0000, 16
2021-10-18 19:19:54 +0000, 20
2021-10-18 20:26:28 +0000, 32
2021-10-18 21:22:54 +0000, 24
2021-10-18 22:25:57 +0000, 12
2021-10-18 23:26:58 +0000, 10
2021-10-19 01:26:32 +0000, 5
2021-10-19 02:38:03 +0000, 0
2021-10-19 03:27:35 +0000, 0
2021-10-19 04:34:27 +0000, 0
2021-10-19 05:23:17 +0000, 0
2021-10-19 06:31:29 +0000, 0
2021-10-19 07:24:05 +0000, 0
2021-10-19 08:30:20 +0000, 0
2021-10-19 09:26:04 +0000, 2
2021-10-19 10:28:53 +0000, 0
2021-10-19 11:22:08 +0000, 4
2021-10-19 12:41:51 +0000, 6
2021-10-19 13:29:36 +0000, 4
2021-10-19 14:23:22 +0000, 8
2021-10-19 15:28:35 +0000, 9
2021-10-19 16:42:54 +0000, 14
2021-10-19 17:30:29 +0000, 16
2021-10-19 18:30:23 +0000, 14
2021-10-19 19:19:48 +0000, 20
2021-10-19 20:26:37 +0000, 23
2021-10-19 21:22:58 +0000, 20
2021-10-19 22:25:48 +0000, 14
2021-10-19 23:25:44 +0000, 10
2021-10-20 01:26:58 +0000, 5
2021-10-20 02:37:55 +0000, 0
2021-10-20 03:27:02 +0000, 0
2021-10-20 04:34:47 +0000, 0
2021-10-20 05:23:35 +0000, 0
2021-10-20 06:31:32 +0000, 1
2021-10-20 07:24:10 +0000, 0
2021-10-20 08:30:10 +0000, 0
2021-10-20 09:26:10 +0000, 1
2021-10-20 10:28:47 +0000, 2
2021-10-20 11:22:16 +0000, 4
2021-10-20 12:42:51 +0000, 7
2021-10-20 13:29:49 +0000, 2
2021-10-20 14:23:36 +0000, 9
2021-10-20 15:28:36 +0000, 13
2021-10-20 16:43:37 +0000, 15
2021-10-20 17:30:53 +0000, 10
2021-10-20 18:30:12 +0000, 14
2021-10-20 19:20:01 +0000, 15
2021-10-20 20:26:39 +0000, 24
2021-10-20 21:23:10 +0000, 20
2021-10-20 22:25:53 +0000, 14
2021-10-20 23:26:37 +0000, 4
2021-10-21 01:33:48 +0000, 5
2021-10-21 02:40:11 +0000, 0
2021-10-21 03:26:54 +0000, 0
2021-10-21 04:35:10 +0000, 0
2021-10-21 05:23:26 +0000, 0
2021-10-21 06:31:43 +0000, 0
2021-10-21 07:24:13 +0000, 0
2021-10-21 08:30:25 +0000, 3
2021-10-21 09:26:06 +0000, 0
2021-10-21 10:29:22 +0000, 2
2021-10-21 11:22:29 +0000, 9
2021-10-21 12:42:40 +0000, 9
2021-10-21 13:30:10 +0000, 14
2021-10-21 14:23:46 +0000, 13
2021-10-21 15:53:35 +0000, 16
2021-10-21 16:53:11 +0000, 18
2021-10-21 17:32:12 +0000, 13
2021-10-21 18:30:34 +0000, 14
2021-10-21 19:19:54 +0000, 20
2021-10-21 20:27:12 +0000, 19
2021-10-21 21:23:12 +0000, 17
2021-10-21 22:26:02 +0000, 21
2021-10-21 23:25:49 +0000, 7
2021-10-22 01:34:07 +0000, 5
2021-10-22 02:38:04 +0000, 4
2021-10-22 03:27:18 +0000, 2
2021-10-22 04:35:07 +0000, 2
2021-10-22 05:23:56 +0000, 2
2021-10-22 06:31:35 +0000, 2
2021-10-22 07:24:17 +0000, 2
2021-10-22 08:30:25 +0000, 2
2021-10-22 09:26:05 +0000, 3
2021-10-22 10:28:58 +0000, 6
2021-10-22 11:22:26 +0000, 7
2021-10-22 12:43:03 +0000, 8
2021-10-22 13:29:52 +0000, 11
2021-10-22 14:23:25 +0000, 11
2021-10-22 15:28:37 +0000, 8
2021-10-22 16:43:07 +0000, 17
2021-10-22 17:30:42 +0000, 20
2021-10-22 18:33:04 +0000, 18
2021-10-22 19:19:51 +0000, 20
2021-10-22 20:26:42 +0000, 20
2021-10-22 21:23:17 +0000, 20
2021-10-22 22:26:05 +0000, 17
2021-10-22 23:25:44 +0000, 16
2021-10-23 01:26:27 +0000, 8
2021-10-23 02:39:59 +0000, 2
2021-10-23 03:26:59 +0000, 2
2021-10-23 04:34:37 +0000, 2
2021-10-23 05:22:53 +0000, 2
2021-10-23 06:30:35 +0000, 2
2021-10-23 07:23:35 +0000, 3
2021-10-23 08:29:19 +0000, 5
2021-10-23 09:25:25 +0000, 11
2021-10-23 10:28:02 +0000, 11
2021-10-23 11:22:09 +0000, 14
2021-10-23 12:39:58 +0000, 11
2021-10-23 13:27:51 +0000, 19
2021-10-23 14:22:37 +0000, 18
2021-10-23 15:27:23 +0000, 18
2021-10-23 16:41:34 +0000, 21
2021-10-23 17:29:08 +0000, 19
2021-10-23 18:29:46 +0000, 21
2021-10-23 19:19:25 +0000, 10
2021-10-23 20:26:13 +0000, 15
2021-10-23 21:22:43 +0000, 16
2021-10-23 22:25:18 +0000, 13
2021-10-23 23:25:26 +0000, 13
2021-10-24 01:21:51 +0000, 6
2021-10-24 02:36:49 +0000, 2
2021-10-24 03:26:47 +0000, 2
2021-10-24 04:34:30 +0000, 2
2021-10-24 05:23:04 +0000, 2
2021-10-24 06:30:47 +0000, 2
2021-10-24 07:23:44 +0000, 2
2021-10-24 08:29:27 +0000, 5
2021-10-24 09:25:34 +0000, 10
2021-10-24 10:28:16 +0000, 14
2021-10-24 11:21:57 +0000, 14
2021-10-24 12:40:10 +0000, 17
2021-10-24 13:28:04 +0000, 15
2021-10-24 14:22:50 +0000, 15
2021-10-24 15:27:44 +0000, 14
2021-10-24 16:41:50 +0000, 13
2021-10-24 17:29:26 +0000, 41
2021-10-24 18:29:41 +0000, 32
2021-10-24 19:19:38 +0000, 18
2021-10-24 20:26:13 +0000, 27
2021-10-24 21:22:41 +0000, 27
2021-10-24 22:25:16 +0000, 11
2021-10-24 23:25:53 +0000, 8
2021-10-25 01:22:37 +0000, 4
2021-10-25 02:38:09 +0000, 0
2021-10-25 03:27:35 +0000, 0
2021-10-25 04:34:39 +0000, 0
2021-10-25 05:23:53 +0000, 0
2021-10-25 06:32:20 +0000, 0
2021-10-25 07:24:31 +0000, 0
2021-10-25 08:30:28 +0000, 0
2021-10-25 09:26:45 +0000, 1
2021-10-25 10:29:45 +0000, 3
2021-10-25 11:22:35 +0000, 4
2021-10-25 12:42:04 +0000, 3
2021-10-25 13:30:09 +0000, 6
2021-10-25 14:23:16 +0000, 13
2021-10-25 15:24:11 +0000, 12
2021-10-25 16:42:54 +0000, 14
2021-10-25 17:30:54 +0000, 13
2021-10-25 18:30:55 +0000, 16
2021-10-25 19:19:53 +0000, 19
2021-10-25 20:26:52 +0000, 26
2021-10-25 21:23:28 +0000, 21
2021-10-25 22:26:20 +0000, 10
2021-10-25 23:25:58 +0000, 6
2021-10-26 01:18:00 +0000, 5
2021-10-26 02:35:47 +0000, 0
2021-10-26 03:27:27 +0000, 0
2021-10-26 04:34:55 +0000, 0
2021-10-26 05:23:34 +0000, 0
2021-10-26 06:31:50 +0000, 0
2021-10-26 07:24:21 +0000, 0
2021-10-26 08:30:47 +0000, 3
2021-10-26 09:27:14 +0000, 0
2021-10-26 10:29:07 +0000, 0
2021-10-26 11:22:38 +0000, 3
2021-10-26 12:42:09 +0000, 7
2021-10-26 13:29:31 +0000, 8
2021-10-26 14:23:41 +0000, 11
2021-10-26 15:28:46 +0000, 12
2021-10-26 16:43:06 +0000, 17
2021-10-26 17:30:51 +0000, 13
2021-10-26 18:30:25 +0000, 17
2021-10-26 19:18:58 +0000, 19
2021-10-26 20:27:05 +0000, 19
2021-10-26 21:23:13 +0000, 20
2021-10-26 22:26:33 +0000, 17
2021-10-26 23:26:01 +0000, 8
2021-10-27 01:17:29 +0000, 3
2021-10-27 02:36:04 +0000, 0
2021-10-27 03:27:24 +0000, 0
2021-10-27 04:35:09 +0000, 0
2021-10-27 05:23:40 +0000, 0
2021-10-27 06:31:46 +0000, 0
2021-10-27 07:24:35 +0000, 0
2021-10-27 08:30:33 +0000, 0
2021-10-27 09:26:25 +0000, 2
2021-10-27 10:28:56 +0000, 6
2021-10-27 11:22:38 +0000, 5
2021-10-27 12:42:26 +0000, 10
2021-10-27 13:29:53 +0000, 7
2021-10-27 14:23:38 +0000, 12
2021-10-27 15:28:40 +0000, 15
2021-10-27 16:43:10 +0000, 17
2021-10-27 17:30:56 +0000, 15
2021-10-27 18:30:56 +0000, 16
2021-10-27 19:20:05 +0000, 8
2021-10-27 20:26:44 +0000, 11
2021-10-27 21:23:20 +0000, 20
2021-10-27 22:26:20 +0000, 15
2021-10-27 23:26:31 +0000, 6
2021-10-28 01:17:59 +0000, 0
2021-10-28 03:27:20 +0000, 0
2021-10-28 04:34:55 +0000, 0
2021-10-28 05:23:55 +0000, 0
2021-10-28 06:31:45 +0000, 0
2021-10-28 07:24:34 +0000, 0
2021-10-28 08:30:25 +0000, 6
2021-10-28 09:26:34 +0000, 5
2021-10-28 10:29:15 +0000, 1
2021-10-28 11:22:42 +0000, 3
2021-10-28 12:42:11 +0000, 7
2021-10-28 13:29:53 +0000, 13
2021-10-28 14:24:10 +0000, 18
2021-10-28 15:28:42 +0000, 16
2021-10-28 16:43:22 +0000, 23
2021-10-28 17:29:29 +0000, 15
2021-10-28 18:31:00 +0000, 16
2021-10-28 19:20:06 +0000, 18
2021-10-28 20:26:58 +0000, 18
2021-10-28 21:22:28 +0000, 19
2021-10-28 22:25:33 +0000, 17
2021-10-28 23:26:23 +0000, 8
2021-10-29 01:16:59 +0000, 5
2021-10-29 02:35:59 +0000, 0
2021-10-29 03:27:28 +0000, 0
2021-10-29 04:35:23 +0000, 0
2021-10-29 05:23:47 +0000, 0
2021-10-29 06:32:07 +0000, 0
2021-10-29 07:24:40 +0000, 0
2021-10-29 08:30:47 +0000, 0
2021-10-29 09:26:07 +0000, 6
2021-10-29 10:29:26 +0000, 5
2021-10-29 11:22:42 +0000, 8
2021-10-29 12:42:14 +0000, 4
2021-10-29 13:29:48 +0000, 8
2021-10-29 14:22:44 +0000, 12
2021-10-29 15:28:55 +0000, 16
2021-10-29 16:43:22 +0000, 14
2021-10-29 17:29:34 +0000, 13
2021-10-29 18:30:19 +0000, 13
2021-10-29 19:19:02 +0000, 12
2021-10-29 20:26:56 +0000, 11
2021-10-29 21:23:20 +0000, 17
2021-10-29 22:25:57 +0000, 14
2021-10-30 01:15:52 +0000, 17
2021-10-30 02:36:47 +0000, 0
2021-10-30 03:27:23 +0000, 0
2021-10-30 04:34:34 +0000, 0
2021-10-30 05:23:03 +0000, 0
2021-10-30 06:31:15 +0000, 0
2021-10-30 07:23:52 +0000, 1
2021-10-30 08:29:50 +0000, 5
2021-10-30 09:25:17 +0000, 4
2021-10-30 10:28:37 +0000, 2
2021-10-30 11:22:00 +0000, 7
2021-10-30 12:39:49 +0000, 8
2021-10-30 13:28:16 +0000, 15
2021-10-30 14:23:05 +0000, 13
2021-10-30 15:27:51 +0000, 16
2021-10-30 16:41:50 +0000, 15
2021-10-30 17:29:53 +0000, 13
2021-10-30 18:30:07 +0000, 13
2021-10-30 19:19:33 +0000, 12
2021-10-30 20:26:26 +0000, 13
2021-10-30 21:23:12 +0000, 11
2021-10-30 22:25:30 +0000, 15
2021-10-30 23:26:04 +0000, 11
2021-10-31 01:21:32 +0000, 6
2021-10-31 02:37:52 +0000, 0
2021-10-31 03:27:21 +0000, 0
2021-10-31 04:34:39 +0000, 0
2021-10-31 05:23:16 +0000, 0
2021-10-31 06:31:24 +0000, 0
2021-10-31 07:24:19 +0000, 1
2021-10-31 08:29:31 +0000, 7
2021-10-31 09:26:05 +0000, 7
2021-10-31 10:28:34 +0000, 12
2021-10-31 11:22:12 +0000, 13
2021-10-31 12:40:14 +0000, 16
2021-10-31 13:28:24 +0000, 19
2021-10-31 14:22:59 +0000, 18
2021-10-31 15:27:50 +0000, 24
2021-10-31 16:42:07 +0000, 30
2021-10-31 17:30:03 +0000, 20
2021-10-31 18:29:59 +0000, 17
2021-10-31 19:20:00 +0000, 16
2021-10-31 20:26:27 +0000, 13
2021-10-31 21:23:17 +0000, 10
2021-10-31 22:25:34 +0000, 12
2021-10-31 23:26:16 +0000, 15
2021-11-01 01:21:15 +0000, 8
2021-11-01 02:38:55 +0000, 2
2021-11-01 03:27:52 +0000, 0
2021-11-01 04:35:22 +0000, 0
2021-11-01 05:24:07 +0000, 0
2021-11-01 06:32:20 +0000, 0
2021-11-01 07:25:04 +0000, 0
2021-11-01 08:30:54 +0000, 0
2021-11-01 09:27:18 +0000, 3
2021-11-01 10:29:46 +0000, 6
2021-11-01 11:22:53 +0000, 9
2021-11-01 12:42:54 +0000, 7
2021-11-01 13:30:30 +0000, 9
2021-11-01 14:24:06 +0000, 16
2021-11-01 15:29:01 +0000, 14
2021-11-01 16:45:06 +0000, 21
2021-11-01 17:32:05 +0000, 18
2021-11-01 18:31:59 +0000, 17
2021-11-01 19:20:22 +0000, 22
2021-11-01 20:27:19 +0000, 23
2021-11-01 21:23:05 +0000, 16
2021-11-01 22:24:04 +0000, 11
2021-11-01 23:26:20 +0000, 14
2021-11-02 01:21:30 +0000, 7
2021-11-02 02:38:23 +0000, 0
2021-11-02 03:27:31 +0000, 0
2021-11-02 04:35:14 +0000, 0
2021-11-02 05:23:42 +0000, 0
2021-11-02 06:31:43 +0000, 0
2021-11-02 07:24:33 +0000, 0
2021-11-02 08:30:51 +0000, 0
2021-11-02 09:26:36 +0000, 0
2021-11-02 10:29:00 +0000, 0
2021-11-02 11:22:46 +0000, 2
2021-11-02 12:42:24 +0000, 9
2021-11-02 13:29:44 +0000, 6
2021-11-02 14:24:00 +0000, 14
2021-11-02 15:28:58 +0000, 17
2021-11-02 16:44:06 +0000, 17
2021-11-02 17:31:41 +0000, 17
2021-11-02 18:30:59 +0000, 23
2021-11-02 19:20:07 +0000, 27
2021-11-02 20:27:01 +0000, 19
2021-11-02 21:23:43 +0000, 14
2021-11-02 22:26:18 +0000, 16
2021-11-02 23:26:12 +0000, 12
2021-11-03 01:18:08 +0000, 6
2021-11-03 02:36:47 +0000, 0
2021-11-03 03:27:32 +0000, 0
2021-11-03 04:35:14 +0000, 0
2021-11-03 05:23:43 +0000, 0
2021-11-03 06:31:38 +0000, 0
2021-11-03 07:24:30 +0000, 0
2021-11-03 08:30:33 +0000, 0
2021-11-03 09:26:39 +0000, 4
2021-11-03 10:28:53 +0000, 4
2021-11-03 11:22:43 +0000, 8
2021-11-03 12:42:00 +0000, 7
2021-11-03 13:29:46 +0000, 7
2021-11-03 14:23:51 +0000, 10
2021-11-03 15:28:53 +0000, 15
2021-11-03 16:44:38 +0000, 8
2021-11-03 17:31:47 +0000, 10
2021-11-03 18:30:50 +0000, 19
2021-11-03 19:20:10 +0000, 18
2021-11-03 20:27:33 +0000, 20
2021-11-03 21:23:38 +0000, 19
2021-11-03 22:25:42 +0000, 17
2021-11-03 23:24:13 +0000, 11
2021-11-04 01:19:12 +0000, 5
2021-11-04 02:38:12 +0000, 2
2021-11-04 03:27:31 +0000, 2
2021-11-04 04:35:01 +0000, 2
2021-11-04 05:23:46 +0000, 2
2021-11-04 06:31:43 +0000, 2
2021-11-04 07:24:22 +0000, 2
2021-11-04 08:30:21 +0000, 5
2021-11-04 09:26:41 +0000, 4
2021-11-04 10:29:04 +0000, 6
2021-11-04 11:22:46 +0000, 7
2021-11-04 12:41:59 +0000, 6
2021-11-04 13:29:45 +0000, 13
2021-11-04 14:23:51 +0000, 14
2021-11-04 15:28:56 +0000, 20
2021-11-04 16:43:19 +0000, 23
2021-11-04 17:31:32 +0000, 20
2021-11-04 18:31:14 +0000, 17
2021-11-04 19:20:17 +0000, 21
2021-11-04 20:27:10 +0000, 23
2021-11-04 21:23:36 +0000, 20
2021-11-04 22:26:18 +0000, 15
2021-11-04 23:26:17 +0000, 15
2021-11-05 01:18:53 +0000, 12
2021-11-05 02:37:55 +0000, 3
2021-11-05 03:27:23 +0000, 3
2021-11-05 04:35:19 +0000, 3
2021-11-05 05:23:43 +0000, 3
2021-11-05 06:31:51 +0000, 3
2021-11-05 07:24:20 +0000, 3
2021-11-05 08:30:37 +0000, 3
2021-11-05 09:26:39 +0000, 3
2021-11-05 10:28:59 +0000, 5
2021-11-05 11:22:45 +0000, 10
2021-11-05 12:41:51 +0000, 9
2021-11-05 13:29:38 +0000, 13
2021-11-05 14:23:46 +0000, 13
2021-11-05 15:28:41 +0000, 17
2021-11-05 16:43:32 +0000, 15
2021-11-05 17:31:28 +0000, 14
2021-11-05 18:31:00 +0000, 23
2021-11-05 19:20:11 +0000, 23
2021-11-05 20:27:01 +0000, 17
2021-11-05 21:23:18 +0000, 20
2021-11-05 22:26:07 +0000, 19
2021-11-05 23:26:09 +0000, 18
2021-11-06 01:15:39 +0000, 15
2021-11-06 02:37:35 +0000, 5
2021-11-06 03:27:22 +0000, 5
2021-11-06 04:34:58 +0000, 5
2021-11-06 05:23:11 +0000, 5
2021-11-06 06:31:07 +0000, 7
2021-11-06 07:23:51 +0000, 6
2021-11-06 08:29:51 +0000, 5
2021-11-06 09:26:03 +0000, 7
2021-11-06 10:28:22 +0000, 9
2021-11-06 11:22:11 +0000, 13
2021-11-06 12:40:12 +0000, 14
2021-11-06 13:28:18 +0000, 21
2021-11-06 14:22:59 +0000, 19
2021-11-06 15:27:44 +0000, 20
2021-11-06 16:41:55 +0000, 16
2021-11-06 17:30:03 +0000, 19
2021-11-06 18:30:09 +0000, 21
2021-11-06 19:19:43 +0000, 14
2021-11-06 20:26:17 +0000, 20
2021-11-06 21:23:01 +0000, 30
2021-11-06 22:25:38 +0000, 20
2021-11-06 23:26:19 +0000, 16
2021-11-07 01:21:36 +0000, 12
2021-11-07 02:38:32 +0000, 8
2021-11-07 03:27:07 +0000, 4
2021-11-07 04:34:38 +0000, 4
2021-11-07 05:23:16 +0000, 4
2021-11-07 06:31:25 +0000, 4
2021-11-07 07:24:02 +0000, 4
2021-11-07 08:29:38 +0000, 4
2021-11-07 09:25:59 +0000, 11
2021-11-07 10:28:20 +0000, 12
2021-11-07 11:22:13 +0000, 13
2021-11-07 12:40:12 +0000, 18
2021-11-07 13:28:35 +0000, 21
2021-11-07 14:22:54 +0000, 18
2021-11-07 15:28:02 +0000, 26
2021-11-07 16:42:02 +0000, 29
2021-11-07 17:30:16 +0000, 22
2021-11-07 18:30:06 +0000, 30
2021-11-07 19:19:43 +0000, 21
2021-11-07 20:26:30 +0000, 20
2021-11-07 21:23:08 +0000, 22
2021-11-07 22:25:37 +0000, 13
2021-11-07 23:26:02 +0000, 9
2021-11-08 01:18:18 +0000, 7
2021-11-08 02:37:40 +0000, 2
2021-11-08 03:27:35 +0000, 2
2021-11-08 04:35:12 +0000, 2
2021-11-08 05:24:05 +0000, 2
